2026-07-23 22:39:55 | INFO     | Notebook 01_descarga_datos iniciado
2026-07-23 22:39:56 | ERROR    | CAMMESA demanda 2025-12-25: error de descarga
2026-07-23 22:39:57 | INFO     | CAMMESA demanda 2025-12-26: descargado
2026-07-23 22:39:57 | INFO     | CAMMESA demanda 2025-12-27: descargado
2026-07-23 22:39:58 | INFO     | CAMMESA demanda 2025-12-28: descargado
2026-07-23 22:39:59 | INFO     | CAMMESA demanda 2025-12-29: descargado
2026-07-23 22:40:00 | INFO     | CAMMESA demanda 2025-12-30: descargado
2026-07-23 22:40:01 | INFO     | CAMMESA demanda 2025-12-31: descargado
2026-07-23 22:40:02 | INFO     | CAMMESA demanda 2026-01-01: descargado
2026-07-23 22:40:03 | INFO     | CAMMESA demanda 2026-01-02: descargado
2026-07-23 22:40:04 | INFO     | CAMMESA demanda 2026-01-03: descargado
2026-07-23 22:40:04 | INFO     | CAMMESA demanda 2026-01-04: descargado
2026-07-23 22:40:05 | INFO     | CAMMESA demanda 2026-01-05: descargado
2026-07-23 22:40:06 | INFO     | CAMMESA demanda 2026-01-06: descargado
2026-07-23 22:40:07 | INFO     | CAMMESA demanda 2026-01-07: descargado
2026-07-23 22:40:08 | INFO     | CAMMESA demanda 2026-01-08: descargado
2026-07-23 22:40:09 | INFO     | CAMMESA demanda 2026-01-09: descargado
2026-07-23 22:40:09 | INFO     | CAMMESA demanda 2026-01-10: descargado
2026-07-23 22:40:10 | INFO     | CAMMESA demanda 2026-01-11: descargado
2026-07-23 22:40:11 | INFO     | CAMMESA demanda 2026-01-12: descargado
2026-07-23 22:40:12 | INFO     | CAMMESA demanda 2026-01-13: descargado
2026-07-23 22:40:13 | INFO     | CAMMESA demanda 2026-01-14: descargado
2026-07-23 22:40:14 | INFO     | CAMMESA demanda 2026-01-15: descargado
2026-07-23 22:40:15 | INFO     | CAMMESA demanda 2026-01-16: descargado
2026-07-23 22:40:15 | INFO     | CAMMESA demanda 2026-01-17: descargado
2026-07-23 22:40:16 | INFO     | CAMMESA demanda 2026-01-18: descargado
2026-07-23 22:40:17 | INFO     | CAMMESA demanda 2026-01-19: descargado
2026-07-23 22:40:18 | INFO     | CAMMESA demanda 2026-01-20: descargado
2026-07-23 22:40:19 | INFO     | CAMMESA demanda 2026-01-21: descargado
2026-07-23 22:40:20 | INFO     | CAMMESA demanda 2026-01-22: descargado
2026-07-23 22:40:21 | INFO     | CAMMESA demanda 2026-01-23: descargado
2026-07-23 22:40:21 | INFO     | CAMMESA demanda 2026-01-24: descargado
2026-07-23 22:40:22 | INFO     | CAMMESA demanda 2026-01-25: descargado
2026-07-23 22:40:23 | INFO     | CAMMESA demanda 2026-01-26: descargado
2026-07-23 22:40:24 | INFO     | CAMMESA demanda 2026-01-27: descargado
2026-07-23 22:40:25 | INFO     | CAMMESA demanda 2026-01-28: descargado
2026-07-23 22:40:26 | INFO     | CAMMESA demanda 2026-01-29: descargado
2026-07-23 22:40:27 | INFO     | CAMMESA demanda 2026-01-30: descargado
2026-07-23 22:40:28 | INFO     | CAMMESA demanda 2026-01-31: descargado
2026-07-23 22:40:28 | INFO     | CAMMESA demanda 2026-02-01: descargado
2026-07-23 22:40:29 | INFO     | CAMMESA demanda 2026-02-02: descargado
2026-07-23 22:40:30 | INFO     | CAMMESA demanda 2026-02-03: descargado
2026-07-23 22:40:31 | INFO     | CAMMESA demanda 2026-02-04: descargado
2026-07-23 22:40:32 | INFO     | CAMMESA demanda 2026-02-05: descargado
2026-07-23 22:40:32 | INFO     | CAMMESA demanda 2026-02-06: descargado
2026-07-23 22:40:33 | INFO     | CAMMESA demanda 2026-02-07: descargado
2026-07-23 22:40:34 | INFO     | CAMMESA demanda 2026-02-08: descargado
2026-07-23 22:40:35 | INFO     | CAMMESA demanda 2026-02-09: descargado
2026-07-23 22:40:36 | INFO     | CAMMESA demanda 2026-02-10: descargado
2026-07-23 22:40:37 | INFO     | CAMMESA demanda 2026-02-11: descargado
2026-07-23 22:40:38 | INFO     | CAMMESA demanda 2026-02-12: descargado
2026-07-23 22:40:39 | INFO     | CAMMESA demanda 2026-02-13: descargado
2026-07-23 22:40:40 | INFO     | CAMMESA demanda 2026-02-14: descargado
2026-07-23 22:40:40 | INFO     | CAMMESA demanda 2026-02-15: descargado
2026-07-23 22:40:41 | INFO     | CAMMESA demanda 2026-02-16: descargado
2026-07-23 22:40:42 | INFO     | CAMMESA demanda 2026-02-17: descargado
2026-07-23 22:40:43 | INFO     | CAMMESA demanda 2026-02-18: descargado
2026-07-23 22:40:44 | INFO     | CAMMESA demanda 2026-02-19: descargado
2026-07-23 22:40:45 | INFO     | CAMMESA demanda 2026-02-20: descargado
2026-07-23 22:40:46 | INFO     | CAMMESA demanda 2026-02-21: descargado
2026-07-23 22:40:47 | INFO     | CAMMESA demanda 2026-02-22: descargado
2026-07-23 22:40:48 | INFO     | CAMMESA demanda 2026-02-23: descargado
2026-07-23 22:40:48 | INFO     | CAMMESA demanda 2026-02-24: descargado
2026-07-23 22:40:49 | INFO     | CAMMESA demanda 2026-02-25: descargado
2026-07-23 22:40:50 | INFO     | CAMMESA demanda 2026-02-26: descargado
2026-07-23 22:40:51 | INFO     | CAMMESA demanda 2026-02-27: descargado
2026-07-23 22:40:52 | INFO     | CAMMESA demanda 2026-02-28: descargado
2026-07-23 22:40:53 | INFO     | CAMMESA demanda 2026-03-01: descargado
2026-07-23 22:40:54 | INFO     | CAMMESA demanda 2026-03-02: descargado
2026-07-23 22:40:54 | INFO     | CAMMESA demanda 2026-03-03: descargado
2026-07-23 22:40:55 | INFO     | CAMMESA demanda 2026-03-04: descargado
2026-07-23 22:40:56 | INFO     | CAMMESA demanda 2026-03-05: descargado
2026-07-23 22:40:57 | INFO     | CAMMESA demanda 2026-03-06: descargado
2026-07-23 22:40:58 | INFO     | CAMMESA demanda 2026-03-07: descargado
2026-07-23 22:40:59 | INFO     | CAMMESA demanda 2026-03-08: descargado
2026-07-23 22:40:59 | INFO     | CAMMESA demanda 2026-03-09: descargado
2026-07-23 22:41:00 | INFO     | CAMMESA demanda 2026-03-10: descargado
2026-07-23 22:41:01 | INFO     | CAMMESA demanda 2026-03-11: descargado
2026-07-23 22:41:02 | INFO     | CAMMESA demanda 2026-03-12: descargado
2026-07-23 22:41:03 | INFO     | CAMMESA demanda 2026-03-13: descargado
2026-07-23 22:41:04 | INFO     | CAMMESA demanda 2026-03-14: descargado
2026-07-23 22:41:05 | INFO     | CAMMESA demanda 2026-03-15: descargado
2026-07-23 22:41:06 | INFO     | CAMMESA demanda 2026-03-16: descargado
2026-07-23 22:41:07 | INFO     | CAMMESA demanda 2026-03-17: descargado
2026-07-23 22:41:07 | INFO     | CAMMESA demanda 2026-03-18: descargado
2026-07-23 22:41:08 | INFO     | CAMMESA demanda 2026-03-19: descargado
2026-07-23 22:41:09 | INFO     | CAMMESA demanda 2026-03-20: descargado
2026-07-23 22:41:10 | INFO     | CAMMESA demanda 2026-03-21: descargado
2026-07-23 22:41:11 | INFO     | CAMMESA demanda 2026-03-22: descargado
2026-07-23 22:41:12 | INFO     | CAMMESA demanda 2026-03-23: descargado
2026-07-23 22:41:13 | INFO     | CAMMESA demanda 2026-03-24: descargado
2026-07-23 22:41:14 | INFO     | CAMMESA demanda 2026-03-25: descargado
2026-07-23 22:41:14 | INFO     | CAMMESA demanda 2026-03-26: descargado
2026-07-23 22:41:15 | INFO     | CAMMESA demanda 2026-03-27: descargado
2026-07-23 22:41:16 | INFO     | CAMMESA demanda 2026-03-28: descargado
2026-07-23 22:41:17 | INFO     | CAMMESA demanda 2026-03-29: descargado
2026-07-23 22:41:18 | INFO     | CAMMESA demanda 2026-03-30: descargado
2026-07-23 22:41:18 | INFO     | CAMMESA demanda 2026-03-31: descargado
2026-07-23 22:41:19 | INFO     | CAMMESA demanda 2026-04-01: descargado
2026-07-23 22:41:20 | INFO     | CAMMESA demanda 2026-04-02: descargado
2026-07-23 22:41:21 | INFO     | CAMMESA demanda 2026-04-03: descargado
2026-07-23 22:41:22 | INFO     | CAMMESA demanda 2026-04-04: descargado
2026-07-23 22:41:22 | INFO     | CAMMESA demanda 2026-04-05: descargado
2026-07-23 22:41:23 | INFO     | CAMMESA demanda 2026-04-06: descargado
2026-07-23 22:41:24 | INFO     | CAMMESA demanda 2026-04-07: descargado
2026-07-23 22:41:25 | INFO     | CAMMESA demanda 2026-04-08: descargado
2026-07-23 22:41:26 | INFO     | CAMMESA demanda 2026-04-09: descargado
2026-07-23 22:41:26 | INFO     | CAMMESA demanda 2026-04-10: descargado
2026-07-23 22:41:27 | INFO     | CAMMESA demanda 2026-04-11: descargado
2026-07-23 22:41:28 | INFO     | CAMMESA demanda 2026-04-12: descargado
2026-07-23 22:41:29 | INFO     | CAMMESA demanda 2026-04-13: descargado
2026-07-23 22:41:30 | INFO     | CAMMESA demanda 2026-04-14: descargado
2026-07-23 22:41:30 | INFO     | CAMMESA demanda 2026-04-15: descargado
2026-07-23 22:41:31 | INFO     | CAMMESA demanda 2026-04-16: descargado
2026-07-23 22:41:32 | INFO     | CAMMESA demanda 2026-04-17: descargado
2026-07-23 22:41:33 | INFO     | CAMMESA demanda 2026-04-18: descargado
2026-07-23 22:41:34 | INFO     | CAMMESA demanda 2026-04-19: descargado
2026-07-23 22:41:34 | INFO     | CAMMESA demanda 2026-04-20: descargado
2026-07-23 22:41:35 | INFO     | CAMMESA demanda 2026-04-21: descargado
2026-07-23 22:41:36 | INFO     | CAMMESA demanda 2026-04-22: descargado
2026-07-23 22:41:37 | INFO     | CAMMESA demanda 2026-04-23: descargado
2026-07-23 22:41:38 | INFO     | CAMMESA demanda 2026-04-24: descargado
2026-07-23 22:41:38 | INFO     | CAMMESA demanda 2026-04-25: descargado
2026-07-23 22:41:39 | INFO     | CAMMESA demanda 2026-04-26: descargado
2026-07-23 22:41:40 | INFO     | CAMMESA demanda 2026-04-27: descargado
2026-07-23 22:41:41 | INFO     | CAMMESA demanda 2026-04-28: descargado
2026-07-23 22:41:41 | INFO     | CAMMESA demanda 2026-04-29: descargado
2026-07-23 22:41:42 | INFO     | CAMMESA demanda 2026-04-30: descargado
2026-07-23 22:41:43 | INFO     | CAMMESA demanda 2026-05-01: descargado
2026-07-23 22:41:44 | INFO     | CAMMESA demanda 2026-05-02: descargado
2026-07-23 22:41:44 | INFO     | CAMMESA demanda 2026-05-03: descargado
2026-07-23 22:41:45 | INFO     | CAMMESA demanda 2026-05-04: descargado
2026-07-23 22:41:46 | INFO     | CAMMESA demanda 2026-05-05: descargado
2026-07-23 22:41:47 | INFO     | CAMMESA demanda 2026-05-06: descargado
2026-07-23 22:41:48 | INFO     | CAMMESA demanda 2026-05-07: descargado
2026-07-23 22:41:49 | INFO     | CAMMESA demanda 2026-05-08: descargado
2026-07-23 22:41:50 | INFO     | CAMMESA demanda 2026-05-09: descargado
2026-07-23 22:41:50 | INFO     | CAMMESA demanda 2026-05-10: descargado
2026-07-23 22:41:51 | INFO     | CAMMESA demanda 2026-05-11: descargado
2026-07-23 22:41:52 | INFO     | CAMMESA demanda 2026-05-12: descargado
2026-07-23 22:41:53 | INFO     | CAMMESA demanda 2026-05-13: descargado
2026-07-23 22:41:54 | INFO     | CAMMESA demanda 2026-05-14: descargado
2026-07-23 22:41:54 | INFO     | CAMMESA demanda 2026-05-15: descargado
2026-07-23 22:41:55 | INFO     | CAMMESA demanda 2026-05-16: descargado
2026-07-23 22:41:56 | INFO     | CAMMESA demanda 2026-05-17: descargado
2026-07-23 22:41:57 | INFO     | CAMMESA demanda 2026-05-18: descargado
2026-07-23 22:41:58 | INFO     | CAMMESA demanda 2026-05-19: descargado
2026-07-23 22:41:58 | INFO     | CAMMESA demanda 2026-05-20: descargado
2026-07-23 22:41:59 | INFO     | CAMMESA demanda 2026-05-21: descargado
2026-07-23 22:42:00 | INFO     | CAMMESA demanda 2026-05-22: descargado
2026-07-23 22:42:01 | INFO     | CAMMESA demanda 2026-05-23: descargado
2026-07-23 22:42:02 | INFO     | CAMMESA demanda 2026-05-24: descargado
2026-07-23 22:42:02 | INFO     | CAMMESA demanda 2026-05-25: descargado
2026-07-23 22:42:03 | INFO     | CAMMESA demanda 2026-05-26: descargado
2026-07-23 22:42:04 | INFO     | CAMMESA demanda 2026-05-27: descargado
2026-07-23 22:42:05 | INFO     | CAMMESA demanda 2026-05-28: descargado
2026-07-23 22:42:06 | INFO     | CAMMESA demanda 2026-05-29: descargado
2026-07-23 22:42:06 | INFO     | CAMMESA demanda 2026-05-30: descargado
2026-07-23 22:42:07 | INFO     | CAMMESA demanda 2026-05-31: descargado
2026-07-23 22:42:08 | INFO     | CAMMESA demanda 2026-06-01: descargado
2026-07-23 22:42:09 | INFO     | CAMMESA demanda 2026-06-02: descargado
2026-07-23 22:42:10 | INFO     | CAMMESA demanda 2026-06-03: descargado
2026-07-23 22:42:11 | INFO     | CAMMESA demanda 2026-06-04: descargado
2026-07-23 22:42:11 | INFO     | CAMMESA demanda 2026-06-05: descargado
2026-07-23 22:42:12 | INFO     | CAMMESA demanda 2026-06-06: descargado
2026-07-23 22:42:13 | INFO     | CAMMESA demanda 2026-06-07: descargado
2026-07-23 22:42:14 | INFO     | CAMMESA demanda 2026-06-08: descargado
2026-07-23 22:42:15 | INFO     | CAMMESA demanda 2026-06-09: descargado
2026-07-23 22:42:15 | INFO     | CAMMESA demanda 2026-06-10: descargado
2026-07-23 22:42:16 | INFO     | CAMMESA demanda 2026-06-11: descargado
2026-07-23 22:42:17 | INFO     | CAMMESA demanda 2026-06-12: descargado
2026-07-23 22:42:18 | INFO     | CAMMESA demanda 2026-06-13: descargado
2026-07-23 22:42:18 | INFO     | CAMMESA demanda 2026-06-14: descargado
2026-07-23 22:42:19 | INFO     | CAMMESA demanda 2026-06-15: descargado
2026-07-23 22:42:20 | INFO     | CAMMESA demanda 2026-06-16: descargado
2026-07-23 22:42:21 | INFO     | CAMMESA demanda 2026-06-17: descargado
2026-07-23 22:42:21 | INFO     | CAMMESA demanda 2026-06-18: descargado
2026-07-23 22:42:22 | INFO     | CAMMESA demanda 2026-06-19: descargado
2026-07-23 22:42:23 | INFO     | CAMMESA demanda 2026-06-20: descargado
2026-07-23 22:42:24 | INFO     | CAMMESA demanda 2026-06-21: descargado
2026-07-23 22:42:25 | INFO     | CAMMESA demanda 2026-06-22: descargado
2026-07-23 22:42:25 | INFO     | CAMMESA demanda 2026-06-23: descargado
2026-07-23 22:42:26 | INFO     | CAMMESA demanda 2026-06-24: descargado
2026-07-23 22:42:27 | INFO     | CAMMESA demanda 2026-06-25: descargado
2026-07-23 22:42:28 | INFO     | CAMMESA demanda 2026-06-26: descargado
2026-07-23 22:42:29 | INFO     | CAMMESA demanda 2026-06-27: descargado
2026-07-23 22:42:29 | INFO     | CAMMESA demanda 2026-06-28: descargado
2026-07-23 22:42:30 | INFO     | CAMMESA demanda 2026-06-29: descargado
2026-07-23 22:42:31 | INFO     | CAMMESA demanda 2026-06-30: descargado
2026-07-23 22:42:32 | INFO     | CAMMESA demanda 2026-07-01: descargado
2026-07-23 22:42:33 | INFO     | CAMMESA demanda 2026-07-02: descargado
2026-07-23 22:42:33 | INFO     | CAMMESA demanda 2026-07-03: descargado
2026-07-23 22:42:34 | INFO     | CAMMESA demanda 2026-07-04: descargado
2026-07-23 22:42:35 | INFO     | CAMMESA demanda 2026-07-05: descargado
2026-07-23 22:42:36 | INFO     | CAMMESA demanda 2026-07-06: descargado
2026-07-23 22:42:37 | INFO     | CAMMESA demanda 2026-07-07: descargado
2026-07-23 22:42:37 | INFO     | CAMMESA demanda 2026-07-08: descargado
2026-07-23 22:42:38 | INFO     | CAMMESA demanda 2026-07-09: descargado
2026-07-23 22:42:39 | INFO     | CAMMESA demanda 2026-07-10: descargado
2026-07-23 22:42:39 | INFO     | CAMMESA demanda 2026-07-11: descargado
2026-07-23 22:42:40 | INFO     | CAMMESA demanda 2026-07-12: descargado
2026-07-23 22:42:41 | INFO     | CAMMESA demanda 2026-07-13: descargado
2026-07-23 22:42:42 | INFO     | CAMMESA demanda 2026-07-14: descargado
2026-07-23 22:42:43 | INFO     | CAMMESA demanda 2026-07-15: descargado
2026-07-23 22:42:43 | INFO     | CAMMESA demanda 2026-07-16: descargado
2026-07-23 22:42:44 | INFO     | CAMMESA demanda 2026-07-17: descargado
2026-07-23 22:42:45 | INFO     | CAMMESA demanda 2026-07-18: descargado
2026-07-23 22:42:46 | INFO     | CAMMESA demanda 2026-07-19: descargado
2026-07-23 22:42:47 | INFO     | CAMMESA demanda 2026-07-20: descargado
2026-07-23 22:42:47 | INFO     | CAMMESA demanda 2026-07-21: descargado
2026-07-23 22:42:48 | INFO     | CAMMESA demanda 2026-07-22: descargado
2026-07-23 22:42:48 | ERROR    | SMN 2026-06-22: error de descarga
2026-07-23 22:42:49 | INFO     | SMN 2026-06-23: descargado
2026-07-23 22:42:49 | INFO     | SMN 2026-06-24: descargado
2026-07-23 22:42:50 | INFO     | SMN 2026-06-25: descargado
2026-07-23 22:42:50 | INFO     | SMN 2026-06-26: descargado
2026-07-23 22:42:51 | INFO     | SMN 2026-06-27: descargado
2026-07-23 22:42:51 | INFO     | SMN 2026-06-28: descargado
2026-07-23 22:42:52 | INFO     | SMN 2026-06-29: descargado
2026-07-23 22:42:52 | INFO     | SMN 2026-06-30: descargado
2026-07-23 22:42:53 | INFO     | SMN 2026-07-01: descargado
2026-07-23 22:42:53 | INFO     | SMN 2026-07-02: descargado
2026-07-23 22:43:13 | ERROR    | SMN 2026-07-03: error de descarga
2026-07-23 22:43:13 | INFO     | SMN 2026-07-04: descargado
2026-07-23 22:43:14 | INFO     | SMN 2026-07-05: descargado
2026-07-23 22:43:14 | INFO     | SMN 2026-07-06: descargado
2026-07-23 22:43:15 | INFO     | SMN 2026-07-07: descargado
2026-07-23 22:43:15 | INFO     | SMN 2026-07-08: descargado
2026-07-23 22:43:15 | INFO     | SMN 2026-07-09: descargado
2026-07-23 22:43:16 | INFO     | SMN 2026-07-10: descargado
2026-07-23 22:43:16 | INFO     | SMN 2026-07-11: descargado
2026-07-23 22:43:17 | INFO     | SMN 2026-07-12: descargado
2026-07-23 22:43:17 | INFO     | SMN 2026-07-13: descargado
2026-07-23 22:43:18 | INFO     | SMN 2026-07-14: descargado
2026-07-23 22:43:18 | INFO     | SMN 2026-07-15: descargado
2026-07-23 22:43:19 | INFO     | SMN 2026-07-16: descargado
2026-07-23 22:43:19 | INFO     | SMN 2026-07-17: descargado
2026-07-23 22:43:19 | INFO     | SMN 2026-07-18: descargado
2026-07-23 22:43:20 | INFO     | SMN 2026-07-19: descargado
2026-07-23 22:43:20 | INFO     | SMN 2026-07-20: descargado
2026-07-23 22:43:21 | INFO     | SMN 2026-07-21: descargado
2026-07-23 22:43:21 | INFO     | SMN 2026-07-22: descargado
2026-07-23 22:43:22 | INFO     | Notebook 01_descarga_datos finalizado
2026-07-23 22:45:10 | INFO     | Notebook 01_descarga_datos iniciado
2026-07-23 22:45:12 | INFO     | CAMMESA demanda 2025-12-25: descargado
2026-07-23 22:45:12 | INFO     | SMN 2026-06-22: descargado
2026-07-23 22:45:13 | INFO     | SMN 2026-07-03: descargado
2026-07-23 22:45:13 | INFO     | Notebook 01_descarga_datos finalizado
2026-07-23 23:49:58 | INFO     | Notebook 01_descarga_datos iniciado
2026-07-23 23:49:59 | INFO     | Notebook 01_descarga_datos finalizado
2026-07-23 23:50:47 | INFO     | Notebook 01_descarga_datos iniciado
2026-07-23 23:50:47 | INFO     | Notebook 01_descarga_datos finalizado
2026-07-24 00:23:48 | INFO     | Notebook 01_descarga_datos iniciado
2026-07-24 00:23:49 | INFO     | CAMMESA demanda 2026-07-23: descargado
2026-07-24 00:23:50 | WARNING  | SMN 2026-07-23: sin datos en el servidor
2026-07-24 00:23:50 | INFO     | Notebook 01_descarga_datos finalizado
2026-07-24 00:33:57 | INFO     | Notebook 01_descarga_datos iniciado
2026-07-24 00:33:58 | INFO     | SMN 2023-01-01: descargado
2026-07-24 00:33:59 | INFO     | SMN 2023-01-02: descargado
2026-07-24 00:34:19 | ERROR    | SMN 2023-01-03: error de descarga
2026-07-24 00:34:19 | INFO     | SMN 2023-01-04: descargado
2026-07-24 00:34:20 | INFO     | SMN 2023-01-05: descargado
2026-07-24 00:34:20 | INFO     | SMN 2023-01-06: descargado
2026-07-24 00:34:22 | INFO     | SMN 2023-01-07: descargado
2026-07-24 00:34:22 | INFO     | SMN 2023-01-08: descargado
2026-07-24 00:34:23 | INFO     | SMN 2023-01-09: descargado
2026-07-24 00:34:43 | ERROR    | SMN 2023-01-10: error de descarga
2026-07-24 00:34:43 | INFO     | SMN 2023-01-11: descargado
2026-07-24 00:34:43 | INFO     | SMN 2023-01-12: descargado
2026-07-24 00:34:44 | INFO     | SMN 2023-01-13: descargado
2026-07-24 00:34:44 | INFO     | SMN 2023-01-14: descargado
2026-07-24 00:34:45 | INFO     | SMN 2023-01-15: descargado
2026-07-24 00:34:45 | INFO     | SMN 2023-01-16: descargado
2026-07-24 00:34:45 | INFO     | SMN 2023-01-17: descargado
2026-07-24 00:34:46 | INFO     | SMN 2023-01-18: descargado
2026-07-24 00:34:46 | INFO     | SMN 2023-01-19: descargado
2026-07-24 00:34:47 | INFO     | SMN 2023-01-20: descargado
2026-07-24 00:34:47 | INFO     | SMN 2023-01-21: descargado
2026-07-24 00:34:48 | INFO     | SMN 2023-01-22: descargado
2026-07-24 00:34:48 | INFO     | SMN 2023-01-23: descargado
2026-07-24 00:34:48 | INFO     | SMN 2023-01-24: descargado
2026-07-24 00:34:49 | INFO     | SMN 2023-01-25: descargado
2026-07-24 00:35:09 | ERROR    | SMN 2023-01-26: error de descarga
2026-07-24 00:35:09 | INFO     | SMN 2023-01-27: descargado
2026-07-24 00:35:09 | INFO     | SMN 2023-01-28: descargado
2026-07-24 00:35:10 | INFO     | SMN 2023-01-29: descargado
2026-07-24 00:35:10 | INFO     | SMN 2023-01-30: descargado
2026-07-24 00:35:30 | ERROR    | SMN 2023-01-31: error de descarga
2026-07-24 00:35:30 | INFO     | SMN 2023-02-01: descargado
2026-07-24 00:35:31 | INFO     | SMN 2023-02-02: descargado
2026-07-24 00:35:31 | INFO     | SMN 2023-02-03: descargado
2026-07-24 00:35:32 | INFO     | SMN 2023-02-04: descargado
2026-07-24 00:35:32 | INFO     | SMN 2023-02-05: descargado
2026-07-24 00:35:33 | INFO     | SMN 2023-02-06: descargado
2026-07-24 00:35:33 | INFO     | SMN 2023-02-07: descargado
2026-07-24 00:35:53 | ERROR    | SMN 2023-02-08: error de descarga
2026-07-24 00:35:53 | INFO     | SMN 2023-02-09: descargado
2026-07-24 00:35:53 | INFO     | SMN 2023-02-10: descargado
2026-07-24 00:35:54 | INFO     | SMN 2023-02-11: descargado
2026-07-24 00:36:14 | ERROR    | SMN 2023-02-12: error de descarga
2026-07-24 00:36:14 | INFO     | SMN 2023-02-13: descargado
2026-07-24 00:36:14 | INFO     | SMN 2023-02-14: descargado
2026-07-24 00:36:15 | INFO     | SMN 2023-02-15: descargado
2026-07-24 00:36:15 | INFO     | SMN 2023-02-16: descargado
2026-07-24 00:36:16 | INFO     | SMN 2023-02-17: descargado
2026-07-24 00:36:16 | INFO     | SMN 2023-02-18: descargado
2026-07-24 00:36:17 | INFO     | SMN 2023-02-19: descargado
2026-07-24 00:36:17 | INFO     | SMN 2023-02-20: descargado
2026-07-24 00:36:18 | INFO     | SMN 2023-02-21: descargado
2026-07-24 00:36:18 | INFO     | SMN 2023-02-22: descargado
2026-07-24 00:36:38 | ERROR    | SMN 2023-02-23: error de descarga
2026-07-24 00:36:38 | INFO     | SMN 2023-02-24: descargado
2026-07-24 00:36:39 | INFO     | SMN 2023-02-25: descargado
2026-07-24 00:36:39 | INFO     | SMN 2023-02-26: descargado
2026-07-24 00:36:40 | INFO     | SMN 2023-02-27: descargado
2026-07-24 00:36:40 | INFO     | SMN 2023-02-28: descargado
2026-07-24 00:36:40 | INFO     | SMN 2023-03-01: descargado
2026-07-24 00:36:41 | INFO     | SMN 2023-03-02: descargado
2026-07-24 00:37:01 | ERROR    | SMN 2023-03-03: error de descarga
2026-07-24 00:37:01 | INFO     | SMN 2023-03-04: descargado
2026-07-24 00:37:01 | INFO     | SMN 2023-03-05: descargado
2026-07-24 00:37:02 | INFO     | SMN 2023-03-06: descargado
2026-07-24 00:37:03 | INFO     | SMN 2023-03-07: descargado
2026-07-24 00:37:03 | INFO     | SMN 2023-03-08: descargado
2026-07-24 00:37:04 | INFO     | SMN 2023-03-09: descargado
2026-07-24 00:37:24 | ERROR    | SMN 2023-03-10: error de descarga
2026-07-24 00:37:24 | INFO     | SMN 2023-03-11: descargado
2026-07-24 00:37:43 | ERROR    | SMN 2023-03-12: error de descarga
2026-07-24 00:37:44 | INFO     | SMN 2023-03-13: descargado
2026-07-24 00:37:44 | INFO     | SMN 2023-03-14: descargado
2026-07-24 00:37:45 | INFO     | SMN 2023-03-15: descargado
2026-07-24 00:38:05 | ERROR    | SMN 2023-03-16: error de descarga
2026-07-24 00:38:05 | INFO     | SMN 2023-03-17: descargado
2026-07-24 00:38:06 | INFO     | SMN 2023-03-18: descargado
2026-07-24 00:38:06 | INFO     | SMN 2023-03-19: descargado
2026-07-24 00:38:06 | INFO     | SMN 2023-03-20: descargado
2026-07-24 00:38:07 | INFO     | SMN 2023-03-21: descargado
2026-07-24 00:38:07 | INFO     | SMN 2023-03-22: descargado
2026-07-24 00:38:08 | INFO     | SMN 2023-03-23: descargado
2026-07-24 00:38:08 | INFO     | SMN 2023-03-24: descargado
2026-07-24 00:38:09 | INFO     | SMN 2023-03-25: descargado
2026-07-24 00:38:09 | INFO     | SMN 2023-03-26: descargado
2026-07-24 00:38:10 | INFO     | SMN 2023-03-27: descargado
2026-07-24 00:38:10 | INFO     | SMN 2023-03-28: descargado
2026-07-24 00:38:16 | INFO     | SMN 2023-03-29: descargado
2026-07-24 00:38:16 | INFO     | SMN 2023-03-30: descargado
2026-07-24 00:38:16 | INFO     | SMN 2023-03-31: descargado
2026-07-24 00:38:17 | INFO     | SMN 2023-04-01: descargado
2026-07-24 00:38:17 | INFO     | SMN 2023-04-02: descargado
2026-07-24 00:38:37 | ERROR    | SMN 2023-04-03: error de descarga
2026-07-24 00:38:57 | ERROR    | SMN 2023-04-04: error de descarga
2026-07-24 00:38:57 | INFO     | SMN 2023-04-05: descargado
2026-07-24 00:38:59 | INFO     | SMN 2023-04-06: descargado
2026-07-24 00:39:00 | INFO     | SMN 2023-04-07: descargado
2026-07-24 00:39:00 | INFO     | SMN 2023-04-08: descargado
2026-07-24 00:39:01 | INFO     | SMN 2023-04-09: descargado
2026-07-24 00:39:01 | INFO     | SMN 2023-04-10: descargado
2026-07-24 00:39:02 | INFO     | SMN 2023-04-11: descargado
2026-07-24 00:39:02 | INFO     | SMN 2023-04-12: descargado
2026-07-24 00:39:03 | INFO     | SMN 2023-04-13: descargado
2026-07-24 00:39:03 | INFO     | SMN 2023-04-14: descargado
2026-07-24 00:39:04 | INFO     | SMN 2023-04-15: descargado
2026-07-24 00:39:04 | INFO     | SMN 2023-04-16: descargado
2026-07-24 00:39:05 | INFO     | SMN 2023-04-17: descargado
2026-07-24 00:39:05 | INFO     | SMN 2023-04-18: descargado
2026-07-24 00:39:06 | INFO     | SMN 2023-04-19: descargado
2026-07-24 00:39:26 | ERROR    | SMN 2023-04-20: error de descarga
2026-07-24 00:39:26 | INFO     | SMN 2023-04-21: descargado
2026-07-24 00:39:26 | INFO     | SMN 2023-04-22: descargado
2026-07-24 00:39:27 | INFO     | SMN 2023-04-23: descargado
2026-07-24 00:39:47 | ERROR    | SMN 2023-04-24: error de descarga
2026-07-24 00:39:47 | INFO     | SMN 2023-04-25: descargado
2026-07-24 00:39:47 | INFO     | SMN 2023-04-26: descargado
2026-07-24 00:39:48 | INFO     | SMN 2023-04-27: descargado
2026-07-24 00:39:48 | INFO     | SMN 2023-04-28: descargado
2026-07-24 00:39:49 | INFO     | SMN 2023-04-29: descargado
2026-07-24 00:39:49 | INFO     | SMN 2023-04-30: descargado
2026-07-24 00:39:50 | INFO     | SMN 2023-05-01: descargado
2026-07-24 00:39:50 | INFO     | SMN 2023-05-02: descargado
2026-07-24 00:39:50 | INFO     | SMN 2023-05-03: descargado
2026-07-24 00:39:51 | INFO     | SMN 2023-05-04: descargado
2026-07-24 00:39:51 | INFO     | SMN 2023-05-05: descargado
2026-07-24 00:39:52 | INFO     | SMN 2023-05-06: descargado
2026-07-24 00:39:52 | INFO     | SMN 2023-05-07: descargado
2026-07-24 00:40:12 | ERROR    | SMN 2023-05-08: error de descarga
2026-07-24 00:40:12 | INFO     | SMN 2023-05-09: descargado
2026-07-24 00:40:13 | INFO     | SMN 2023-05-10: descargado
2026-07-24 00:40:13 | INFO     | SMN 2023-05-11: descargado
2026-07-24 00:40:14 | INFO     | SMN 2023-05-12: descargado
2026-07-24 00:40:33 | ERROR    | SMN 2023-05-13: error de descarga
2026-07-24 00:40:34 | INFO     | SMN 2023-05-14: descargado
2026-07-24 00:40:34 | INFO     | SMN 2023-05-15: descargado
2026-07-24 00:40:54 | ERROR    | SMN 2023-05-16: error de descarga
2026-07-24 00:40:54 | INFO     | SMN 2023-05-17: descargado
2026-07-24 00:40:54 | INFO     | SMN 2023-05-18: descargado
2026-07-24 00:40:55 | INFO     | SMN 2023-05-19: descargado
2026-07-24 00:40:55 | INFO     | SMN 2023-05-20: descargado
2026-07-24 00:40:56 | INFO     | SMN 2023-05-21: descargado
2026-07-24 00:40:56 | INFO     | SMN 2023-05-22: descargado
2026-07-24 00:40:57 | INFO     | SMN 2023-05-23: descargado
2026-07-24 00:40:57 | INFO     | SMN 2023-05-24: descargado
2026-07-24 00:41:17 | ERROR    | SMN 2023-05-25: error de descarga
2026-07-24 00:41:17 | INFO     | SMN 2023-05-26: descargado
2026-07-24 00:41:18 | INFO     | SMN 2023-05-27: descargado
2026-07-24 00:41:18 | INFO     | SMN 2023-05-28: descargado
2026-07-24 00:41:19 | INFO     | SMN 2023-05-29: descargado
2026-07-24 00:41:19 | INFO     | SMN 2023-05-30: descargado
2026-07-24 00:41:19 | INFO     | SMN 2023-05-31: descargado
2026-07-24 00:41:20 | INFO     | SMN 2023-06-01: descargado
2026-07-24 00:41:20 | INFO     | SMN 2023-06-02: descargado
2026-07-24 00:41:21 | INFO     | SMN 2023-06-03: descargado
2026-07-24 00:41:21 | INFO     | SMN 2023-06-04: descargado
2026-07-24 00:41:22 | INFO     | SMN 2023-06-05: descargado
2026-07-24 00:41:22 | INFO     | SMN 2023-06-06: descargado
2026-07-24 00:41:23 | INFO     | SMN 2023-06-07: descargado
2026-07-24 00:41:23 | INFO     | SMN 2023-06-08: descargado
2026-07-24 00:41:23 | INFO     | SMN 2023-06-09: descargado
2026-07-24 00:41:24 | INFO     | SMN 2023-06-10: descargado
2026-07-24 00:41:24 | INFO     | SMN 2023-06-11: descargado
2026-07-24 00:41:25 | INFO     | SMN 2023-06-12: descargado
2026-07-24 00:41:25 | INFO     | SMN 2023-06-13: descargado
2026-07-24 00:41:26 | INFO     | SMN 2023-06-14: descargado
2026-07-24 00:41:26 | INFO     | SMN 2023-06-15: descargado
2026-07-24 00:41:27 | INFO     | SMN 2023-06-16: descargado
2026-07-24 00:41:27 | INFO     | SMN 2023-06-17: descargado
2026-07-24 00:41:27 | INFO     | SMN 2023-06-18: descargado
2026-07-24 00:41:32 | INFO     | Notebook 01_descarga_datos iniciado
2026-07-24 00:41:32 | ERROR    | SMN 2023-01-03: error de descarga
2026-07-24 00:41:43 | INFO     | SMN 2023-01-10: descargado
2026-07-24 00:41:44 | INFO     | SMN 2023-01-26: descargado
2026-07-24 00:41:44 | INFO     | SMN 2023-01-31: descargado
2026-07-24 00:41:45 | INFO     | SMN 2023-02-08: descargado
2026-07-24 00:41:45 | INFO     | SMN 2023-02-12: descargado
2026-07-24 00:41:45 | INFO     | SMN 2023-02-23: descargado
2026-07-24 00:41:46 | INFO     | SMN 2023-03-03: descargado
2026-07-24 00:41:47 | ERROR    | SMN 2023-06-19: error de descarga
2026-07-24 00:42:06 | ERROR    | SMN 2023-03-10: error de descarga
2026-07-24 00:42:07 | INFO     | SMN 2023-06-20: descargado
2026-07-24 00:42:25 | ERROR    | SMN 2023-03-12: error de descarga
2026-07-24 00:42:26 | INFO     | SMN 2023-03-16: descargado
2026-07-24 00:42:27 | ERROR    | SMN 2023-06-21: error de descarga
2026-07-24 00:42:27 | INFO     | SMN 2023-06-22: descargado
2026-07-24 00:42:27 | INFO     | SMN 2023-06-23: descargado
2026-07-24 00:42:28 | INFO     | SMN 2023-06-24: descargado
2026-07-24 00:42:28 | INFO     | SMN 2023-06-25: descargado
2026-07-24 00:42:29 | INFO     | SMN 2023-06-26: descargado
2026-07-24 00:42:29 | INFO     | SMN 2023-06-27: descargado
2026-07-24 00:42:46 | ERROR    | SMN 2023-04-03: error de descarga
2026-07-24 00:42:46 | INFO     | SMN 2023-04-04: descargado
2026-07-24 00:42:46 | INFO     | SMN 2023-04-20: descargado
2026-07-24 00:42:49 | ERROR    | SMN 2023-06-28: error de descarga
2026-07-24 00:42:49 | INFO     | SMN 2023-06-29: descargado
2026-07-24 00:43:00 | INFO     | SMN 2023-06-30: descargado
2026-07-24 00:43:01 | INFO     | SMN 2023-07-01: descargado
2026-07-24 00:43:01 | INFO     | SMN 2023-07-02: descargado
2026-07-24 00:43:06 | ERROR    | SMN 2023-04-24: error de descarga
2026-07-24 00:43:06 | INFO     | SMN 2023-05-08: descargado
2026-07-24 00:43:07 | INFO     | SMN 2023-05-13: descargado
2026-07-24 00:43:21 | INFO     | SMN 2023-07-03: descargado
2026-07-24 00:43:22 | INFO     | SMN 2023-07-04: descargado
2026-07-24 00:43:22 | INFO     | SMN 2023-07-05: descargado
2026-07-24 00:43:23 | INFO     | SMN 2023-07-06: descargado
2026-07-24 00:43:23 | INFO     | SMN 2023-07-07: descargado
2026-07-24 00:43:23 | INFO     | SMN 2023-07-08: descargado
2026-07-24 00:43:24 | INFO     | SMN 2023-07-09: descargado
2026-07-24 00:43:24 | INFO     | SMN 2023-07-10: descargado
2026-07-24 00:43:25 | INFO     | SMN 2023-07-11: descargado
2026-07-24 00:43:25 | INFO     | SMN 2023-07-12: descargado
2026-07-24 00:43:26 | INFO     | SMN 2023-07-13: descargado
2026-07-24 00:43:26 | INFO     | SMN 2023-07-14: descargado
2026-07-24 00:43:27 | ERROR    | SMN 2023-05-16: error de descarga
2026-07-24 00:43:46 | ERROR    | SMN 2023-07-15: error de descarga
2026-07-24 00:43:46 | INFO     | SMN 2023-07-16: descargado
2026-07-24 00:43:46 | ERROR    | SMN 2023-05-25: error de descarga
2026-07-24 00:43:46 | INFO     | SMN 2023-07-17: descargado
2026-07-24 00:43:47 | INFO     | SMN 2023-07-18: descargado
2026-07-24 00:44:06 | ERROR    | SMN 2023-06-19: error de descarga
2026-07-24 00:44:06 | INFO     | SMN 2023-06-21: descargado
2026-07-24 00:44:07 | INFO     | SMN 2023-06-28: descargado
2026-07-24 00:44:07 | ERROR    | SMN 2023-07-19: error de descarga
2026-07-24 00:44:07 | INFO     | SMN 2023-07-20: descargado
2026-07-24 00:44:07 | INFO     | SMN 2023-07-15: descargado
2026-07-24 00:44:08 | INFO     | SMN 2023-07-19: descargado
2026-07-24 00:44:27 | ERROR    | SMN 2023-07-21: error de descarga
2026-07-24 00:44:27 | INFO     | SMN 2023-07-21: descargado
2026-07-24 00:44:46 | ERROR    | SMN 2023-07-22: error de descarga
2026-07-24 00:44:47 | ERROR    | SMN 2023-07-22: error de descarga
2026-07-24 00:45:06 | ERROR    | SMN 2023-07-23: error de descarga
2026-07-24 00:45:06 | INFO     | SMN 2023-07-23: descargado
2026-07-24 00:45:06 | INFO     | SMN 2023-07-24: descargado
2026-07-24 00:45:06 | INFO     | SMN 2023-07-25: descargado
2026-07-24 00:45:06 | INFO     | SMN 2023-07-25: descargado
2026-07-24 00:45:07 | INFO     | SMN 2023-07-26: descargado
2026-07-24 00:45:07 | INFO     | SMN 2023-07-26: descargado
2026-07-24 00:45:07 | INFO     | SMN 2023-07-27: descargado
2026-07-24 00:45:07 | INFO     | SMN 2023-07-27: descargado
2026-07-24 00:45:08 | INFO     | SMN 2023-07-28: descargado
2026-07-24 00:45:08 | INFO     | SMN 2023-07-28: descargado
2026-07-24 00:45:08 | INFO     | SMN 2023-07-29: descargado
2026-07-24 00:45:08 | INFO     | SMN 2023-07-29: descargado
2026-07-24 00:45:09 | INFO     | SMN 2023-07-30: descargado
2026-07-24 00:45:09 | INFO     | SMN 2023-07-30: descargado
2026-07-24 00:45:09 | INFO     | SMN 2023-07-31: descargado
2026-07-24 00:45:09 | INFO     | SMN 2023-07-31: descargado
2026-07-24 00:45:09 | INFO     | SMN 2023-08-01: descargado
2026-07-24 00:45:09 | INFO     | SMN 2023-08-01: descargado
2026-07-24 00:45:10 | INFO     | SMN 2023-08-02: descargado
2026-07-24 00:45:10 | INFO     | SMN 2023-08-02: descargado
2026-07-24 00:45:10 | INFO     | SMN 2023-08-03: descargado
2026-07-24 00:45:10 | INFO     | SMN 2023-08-03: descargado
2026-07-24 00:45:11 | INFO     | SMN 2023-08-04: descargado
2026-07-24 00:45:11 | INFO     | SMN 2023-08-04: descargado
2026-07-24 00:45:11 | INFO     | SMN 2023-08-05: descargado
2026-07-24 00:45:11 | INFO     | SMN 2023-08-05: descargado
2026-07-24 00:45:12 | INFO     | SMN 2023-08-06: descargado
2026-07-24 00:45:12 | INFO     | SMN 2023-08-06: descargado
2026-07-24 00:45:12 | INFO     | SMN 2023-08-07: descargado
2026-07-24 00:45:12 | INFO     | SMN 2023-08-07: descargado
2026-07-24 00:45:12 | INFO     | SMN 2023-08-08: descargado
2026-07-24 00:45:12 | INFO     | SMN 2023-08-08: descargado
2026-07-24 00:45:13 | INFO     | SMN 2023-08-09: descargado
2026-07-24 00:45:13 | INFO     | SMN 2023-08-09: descargado
2026-07-24 00:45:13 | INFO     | SMN 2023-08-10: descargado
2026-07-24 00:45:13 | INFO     | SMN 2023-08-10: descargado
2026-07-24 00:45:14 | INFO     | SMN 2023-08-11: descargado
2026-07-24 00:45:14 | INFO     | SMN 2023-08-11: descargado
2026-07-24 00:45:14 | INFO     | SMN 2023-08-12: descargado
2026-07-24 00:45:14 | INFO     | SMN 2023-08-12: descargado
2026-07-24 00:45:15 | INFO     | SMN 2023-08-13: descargado
2026-07-24 00:45:15 | INFO     | SMN 2023-08-13: descargado
2026-07-24 00:45:15 | INFO     | SMN 2023-08-14: descargado
2026-07-24 00:45:15 | INFO     | SMN 2023-08-14: descargado
2026-07-24 00:45:16 | INFO     | SMN 2023-08-15: descargado
2026-07-24 00:45:16 | INFO     | SMN 2023-08-15: descargado
2026-07-24 00:45:16 | INFO     | SMN 2023-08-16: descargado
2026-07-24 00:45:16 | INFO     | SMN 2023-08-16: descargado
2026-07-24 00:45:16 | INFO     | SMN 2023-08-17: descargado
2026-07-24 00:45:16 | INFO     | SMN 2023-08-17: descargado
2026-07-24 00:45:17 | INFO     | SMN 2023-08-18: descargado
2026-07-24 00:45:17 | INFO     | SMN 2023-08-18: descargado
2026-07-24 00:45:29 | INFO     | SMN 2023-08-19: descargado
2026-07-24 00:45:29 | INFO     | SMN 2023-08-19: descargado
2026-07-24 00:45:29 | INFO     | SMN 2023-08-20: descargado
2026-07-24 00:45:29 | INFO     | SMN 2023-08-20: descargado
2026-07-24 00:45:29 | INFO     | SMN 2023-08-21: descargado
2026-07-24 00:45:29 | INFO     | SMN 2023-08-21: descargado
2026-07-24 00:45:30 | INFO     | SMN 2023-08-22: descargado
2026-07-24 00:45:30 | INFO     | SMN 2023-08-22: descargado
2026-07-24 00:45:50 | ERROR    | SMN 2023-08-23: error de descarga
2026-07-24 00:45:50 | INFO     | SMN 2023-08-24: descargado
2026-07-24 00:45:50 | ERROR    | SMN 2023-08-23: error de descarga
2026-07-24 00:45:50 | INFO     | SMN 2023-08-25: descargado
2026-07-24 00:45:50 | INFO     | SMN 2023-08-25: descargado
2026-07-24 00:45:51 | INFO     | SMN 2023-08-26: descargado
2026-07-24 00:45:51 | INFO     | SMN 2023-08-26: descargado
2026-07-24 00:45:51 | INFO     | SMN 2023-08-27: descargado
2026-07-24 00:45:51 | INFO     | SMN 2023-08-27: descargado
2026-07-24 00:45:52 | INFO     | SMN 2023-08-28: descargado
2026-07-24 00:45:52 | INFO     | SMN 2023-08-28: descargado
2026-07-24 00:45:52 | INFO     | SMN 2023-08-29: descargado
2026-07-24 00:45:52 | INFO     | SMN 2023-08-29: descargado
2026-07-24 00:45:53 | INFO     | SMN 2023-08-30: descargado
2026-07-24 00:45:53 | INFO     | SMN 2023-08-30: descargado
2026-07-24 00:45:53 | INFO     | SMN 2023-08-31: descargado
2026-07-24 00:45:53 | INFO     | SMN 2023-08-31: descargado
2026-07-24 00:45:54 | INFO     | SMN 2023-09-01: descargado
2026-07-24 00:45:54 | INFO     | SMN 2023-09-01: descargado
2026-07-24 00:46:14 | ERROR    | SMN 2023-09-02: error de descarga
2026-07-24 00:46:14 | INFO     | SMN 2023-09-02: descargado
2026-07-24 00:46:14 | INFO     | SMN 2023-09-03: descargado
2026-07-24 00:46:15 | INFO     | SMN 2023-09-04: descargado
2026-07-24 00:46:15 | INFO     | SMN 2023-09-04: descargado
2026-07-24 00:46:15 | INFO     | SMN 2023-09-05: descargado
2026-07-24 00:46:15 | INFO     | SMN 2023-09-05: descargado
2026-07-24 00:46:16 | INFO     | SMN 2023-09-06: descargado
2026-07-24 00:46:16 | INFO     | SMN 2023-09-06: descargado
2026-07-24 00:46:27 | INFO     | SMN 2023-09-07: descargado
2026-07-24 00:46:27 | INFO     | SMN 2023-09-07: descargado
2026-07-24 00:46:28 | INFO     | SMN 2023-09-08: descargado
2026-07-24 00:46:28 | INFO     | SMN 2023-09-08: descargado
2026-07-24 00:46:28 | INFO     | SMN 2023-09-09: descargado
2026-07-24 00:46:28 | INFO     | SMN 2023-09-09: descargado
2026-07-24 00:46:29 | INFO     | SMN 2023-09-10: descargado
2026-07-24 00:46:29 | INFO     | SMN 2023-09-10: descargado
2026-07-24 00:46:29 | INFO     | SMN 2023-09-11: descargado
2026-07-24 00:46:29 | INFO     | SMN 2023-09-11: descargado
2026-07-24 00:46:30 | INFO     | SMN 2023-09-12: descargado
2026-07-24 00:46:30 | INFO     | SMN 2023-09-12: descargado
2026-07-24 00:46:50 | ERROR    | SMN 2023-09-13: error de descarga
2026-07-24 00:46:50 | INFO     | SMN 2023-09-13: descargado
2026-07-24 00:46:50 | INFO     | SMN 2023-09-14: descargado
2026-07-24 00:46:51 | INFO     | SMN 2023-09-15: descargado
2026-07-24 00:46:51 | INFO     | SMN 2023-09-15: descargado
2026-07-24 00:46:52 | INFO     | SMN 2023-09-16: descargado
2026-07-24 00:46:52 | INFO     | SMN 2023-09-16: descargado
2026-07-24 00:46:52 | INFO     | SMN 2023-09-17: descargado
2026-07-24 00:46:52 | INFO     | SMN 2023-09-17: descargado
2026-07-24 00:46:53 | INFO     | SMN 2023-09-18: descargado
2026-07-24 00:46:53 | INFO     | SMN 2023-09-18: descargado
2026-07-24 00:46:53 | INFO     | SMN 2023-09-19: descargado
2026-07-24 00:46:53 | INFO     | SMN 2023-09-19: descargado
2026-07-24 00:46:54 | INFO     | SMN 2023-09-20: descargado
2026-07-24 00:46:54 | INFO     | SMN 2023-09-20: descargado
2026-07-24 00:47:13 | ERROR    | SMN 2023-09-21: error de descarga
2026-07-24 00:47:13 | INFO     | SMN 2023-09-21: descargado
2026-07-24 00:47:14 | INFO     | SMN 2023-09-22: descargado
2026-07-24 00:47:14 | INFO     | SMN 2023-09-23: descargado
2026-07-24 00:47:14 | INFO     | SMN 2023-09-23: descargado
2026-07-24 00:47:14 | INFO     | SMN 2023-09-24: descargado
2026-07-24 00:47:14 | INFO     | SMN 2023-09-24: descargado
2026-07-24 00:47:15 | INFO     | SMN 2023-09-25: descargado
2026-07-24 00:47:15 | INFO     | SMN 2023-09-25: descargado
2026-07-24 00:47:35 | ERROR    | SMN 2023-09-26: error de descarga
2026-07-24 00:47:35 | INFO     | SMN 2023-09-26: descargado
2026-07-24 00:47:35 | INFO     | SMN 2023-09-27: descargado
2026-07-24 00:47:55 | ERROR    | SMN 2023-09-28: error de descarga
2026-07-24 00:47:55 | INFO     | SMN 2023-09-28: descargado
2026-07-24 00:48:15 | ERROR    | SMN 2023-09-29: error de descarga
2026-07-24 00:48:15 | INFO     | SMN 2023-09-30: descargado
2026-07-24 00:48:15 | INFO     | SMN 2023-09-29: descargado
2026-07-24 00:48:16 | INFO     | SMN 2023-10-01: descargado
2026-07-24 00:48:16 | INFO     | SMN 2023-10-01: descargado
2026-07-24 00:48:16 | INFO     | SMN 2023-10-02: descargado
2026-07-24 00:48:16 | INFO     | SMN 2023-10-02: descargado
2026-07-24 00:48:36 | ERROR    | SMN 2023-10-03: error de descarga
2026-07-24 00:48:36 | INFO     | SMN 2023-10-03: descargado
2026-07-24 00:48:37 | INFO     | SMN 2023-10-04: descargado
2026-07-24 00:48:37 | INFO     | SMN 2023-10-05: descargado
2026-07-24 00:48:37 | INFO     | SMN 2023-10-05: descargado
2026-07-24 00:48:37 | INFO     | SMN 2023-10-06: descargado
2026-07-24 00:48:37 | INFO     | SMN 2023-10-06: descargado
2026-07-24 00:48:38 | INFO     | SMN 2023-10-07: descargado
2026-07-24 00:48:38 | INFO     | SMN 2023-10-07: descargado
2026-07-24 00:48:38 | INFO     | SMN 2023-10-08: descargado
2026-07-24 00:48:38 | INFO     | SMN 2023-10-08: descargado
2026-07-24 00:48:39 | INFO     | SMN 2023-10-09: descargado
2026-07-24 00:48:39 | INFO     | SMN 2023-10-09: descargado
2026-07-24 00:48:39 | INFO     | SMN 2023-10-10: descargado
2026-07-24 00:48:39 | INFO     | SMN 2023-10-10: descargado
2026-07-24 00:48:40 | INFO     | SMN 2023-10-11: descargado
2026-07-24 00:48:40 | INFO     | SMN 2023-10-11: descargado
2026-07-24 00:48:41 | INFO     | SMN 2023-10-12: descargado
2026-07-24 00:48:41 | INFO     | SMN 2023-10-12: descargado
2026-07-24 00:48:41 | INFO     | SMN 2023-10-13: descargado
2026-07-24 00:48:41 | INFO     | SMN 2023-10-13: descargado
2026-07-24 00:48:42 | INFO     | SMN 2023-10-14: descargado
2026-07-24 00:48:42 | INFO     | SMN 2023-10-14: descargado
2026-07-24 00:48:42 | INFO     | SMN 2023-10-15: descargado
2026-07-24 00:48:42 | INFO     | SMN 2023-10-15: descargado
2026-07-24 00:48:43 | INFO     | SMN 2023-10-16: descargado
2026-07-24 00:48:43 | INFO     | SMN 2023-10-16: descargado
2026-07-24 00:48:43 | INFO     | SMN 2023-10-17: descargado
2026-07-24 00:48:43 | INFO     | SMN 2023-10-17: descargado
2026-07-24 00:48:44 | INFO     | SMN 2023-10-18: descargado
2026-07-24 00:48:44 | INFO     | SMN 2023-10-18: descargado
2026-07-24 00:48:44 | INFO     | SMN 2023-10-19: descargado
2026-07-24 00:48:44 | INFO     | SMN 2023-10-19: descargado
2026-07-24 00:48:45 | INFO     | SMN 2023-10-20: descargado
2026-07-24 00:48:45 | INFO     | SMN 2023-10-20: descargado
2026-07-24 00:48:45 | INFO     | SMN 2023-10-21: descargado
2026-07-24 00:48:45 | INFO     | SMN 2023-10-21: descargado
2026-07-24 00:48:46 | INFO     | SMN 2023-10-22: descargado
2026-07-24 00:48:46 | INFO     | SMN 2023-10-22: descargado
2026-07-24 00:48:46 | INFO     | SMN 2023-10-23: descargado
2026-07-24 00:48:46 | INFO     | SMN 2023-10-23: descargado
2026-07-24 00:48:47 | INFO     | SMN 2023-10-24: descargado
2026-07-24 00:48:47 | INFO     | SMN 2023-10-24: descargado
2026-07-24 00:48:47 | INFO     | SMN 2023-10-25: descargado
2026-07-24 00:48:47 | INFO     | SMN 2023-10-25: descargado
2026-07-24 00:48:48 | INFO     | SMN 2023-10-26: descargado
2026-07-24 00:48:48 | INFO     | SMN 2023-10-26: descargado
2026-07-24 00:48:48 | INFO     | SMN 2023-10-27: descargado
2026-07-24 00:48:48 | INFO     | SMN 2023-10-27: descargado
2026-07-24 00:48:49 | INFO     | SMN 2023-10-28: descargado
2026-07-24 00:48:49 | INFO     | SMN 2023-10-28: descargado
2026-07-24 00:48:49 | INFO     | SMN 2023-10-29: descargado
2026-07-24 00:48:49 | INFO     | SMN 2023-10-29: descargado
2026-07-24 00:49:09 | ERROR    | SMN 2023-10-30: error de descarga
2026-07-24 00:49:09 | INFO     | SMN 2023-10-30: descargado
2026-07-24 00:49:09 | INFO     | SMN 2023-10-31: descargado
2026-07-24 00:49:10 | INFO     | SMN 2023-11-01: descargado
2026-07-24 00:49:10 | INFO     | SMN 2023-11-01: descargado
2026-07-24 00:49:10 | INFO     | SMN 2023-11-02: descargado
2026-07-24 00:49:10 | INFO     | SMN 2023-11-02: descargado
2026-07-24 00:49:11 | INFO     | SMN 2023-11-03: descargado
2026-07-24 00:49:11 | INFO     | SMN 2023-11-03: descargado
2026-07-24 00:49:11 | INFO     | SMN 2023-11-04: descargado
2026-07-24 00:49:11 | INFO     | SMN 2023-11-04: descargado
2026-07-24 00:49:31 | ERROR    | SMN 2023-11-05: error de descarga
2026-07-24 00:49:31 | INFO     | SMN 2023-11-05: descargado
2026-07-24 00:49:31 | INFO     | SMN 2023-11-06: descargado
2026-07-24 00:49:32 | INFO     | SMN 2023-11-07: descargado
2026-07-24 00:49:32 | INFO     | SMN 2023-11-08: descargado
2026-07-24 00:49:32 | INFO     | SMN 2023-11-09: descargado
2026-07-24 00:49:32 | INFO     | SMN 2023-11-09: descargado
2026-07-24 00:49:33 | INFO     | SMN 2023-11-10: descargado
2026-07-24 00:49:33 | INFO     | SMN 2023-11-10: descargado
2026-07-24 00:49:52 | ERROR    | SMN 2023-11-11: error de descarga
2026-07-24 00:49:53 | ERROR    | SMN 2023-11-11: error de descarga
2026-07-24 00:50:12 | ERROR    | SMN 2023-11-12: error de descarga
2026-07-24 00:50:12 | INFO     | SMN 2023-11-13: descargado
2026-07-24 00:50:12 | INFO     | SMN 2023-11-12: descargado
2026-07-24 00:50:32 | ERROR    | SMN 2023-11-14: error de descarga
2026-07-24 00:50:32 | INFO     | SMN 2023-11-14: descargado
2026-07-24 00:50:32 | INFO     | SMN 2023-11-15: descargado
2026-07-24 00:50:33 | INFO     | SMN 2023-11-16: descargado
2026-07-24 00:50:33 | INFO     | SMN 2023-11-16: descargado
2026-07-24 00:50:33 | INFO     | SMN 2023-11-17: descargado
2026-07-24 00:50:33 | INFO     | SMN 2023-11-17: descargado
2026-07-24 00:50:34 | INFO     | SMN 2023-11-18: descargado
2026-07-24 00:50:34 | INFO     | SMN 2023-11-18: descargado
2026-07-24 00:50:34 | INFO     | SMN 2023-11-19: descargado
2026-07-24 00:50:34 | INFO     | SMN 2023-11-19: descargado
2026-07-24 00:50:54 | ERROR    | SMN 2023-11-20: error de descarga
2026-07-24 00:50:54 | INFO     | SMN 2023-11-20: descargado
2026-07-24 00:50:54 | INFO     | SMN 2023-11-21: descargado
2026-07-24 00:50:54 | INFO     | SMN 2023-11-22: descargado
2026-07-24 00:50:55 | INFO     | SMN 2023-11-23: descargado
2026-07-24 00:51:14 | ERROR    | SMN 2023-11-24: error de descarga
2026-07-24 00:51:14 | INFO     | SMN 2023-11-25: descargado
2026-07-24 00:51:15 | INFO     | SMN 2023-11-26: descargado
2026-07-24 00:51:15 | ERROR    | SMN 2023-11-24: error de descarga
2026-07-24 00:51:15 | INFO     | SMN 2023-11-27: descargado
2026-07-24 00:51:15 | INFO     | SMN 2023-11-28: descargado
2026-07-24 00:51:16 | INFO     | SMN 2023-11-29: descargado
2026-07-24 00:51:16 | INFO     | SMN 2023-11-29: descargado
2026-07-24 00:51:35 | ERROR    | SMN 2023-11-30: error de descarga
2026-07-24 00:51:35 | INFO     | SMN 2023-11-30: descargado
2026-07-24 00:51:36 | INFO     | SMN 2023-12-01: descargado
2026-07-24 00:51:36 | INFO     | SMN 2023-12-02: descargado
2026-07-24 00:51:36 | INFO     | SMN 2023-12-02: descargado
2026-07-24 00:51:37 | INFO     | SMN 2023-12-03: descargado
2026-07-24 00:51:37 | INFO     | SMN 2023-12-03: descargado
2026-07-24 00:51:37 | INFO     | SMN 2023-12-04: descargado
2026-07-24 00:51:37 | INFO     | SMN 2023-12-04: descargado
2026-07-24 00:51:38 | INFO     | SMN 2023-12-05: descargado
2026-07-24 00:51:38 | INFO     | SMN 2023-12-05: descargado
2026-07-24 00:51:38 | INFO     | SMN 2023-12-06: descargado
2026-07-24 00:51:38 | INFO     | SMN 2023-12-06: descargado
2026-07-24 00:51:39 | WARNING  | SMN 2023-12-07: sin datos en el servidor
2026-07-24 00:51:39 | INFO     | SMN 2023-12-08: descargado
2026-07-24 00:51:39 | INFO     | SMN 2023-12-08: descargado
2026-07-24 00:51:39 | INFO     | SMN 2023-12-09: descargado
2026-07-24 00:51:39 | INFO     | SMN 2023-12-09: descargado
2026-07-24 00:51:40 | INFO     | SMN 2023-12-10: descargado
2026-07-24 00:51:40 | INFO     | SMN 2023-12-10: descargado
2026-07-24 00:51:40 | INFO     | SMN 2023-12-11: descargado
2026-07-24 00:51:40 | INFO     | SMN 2023-12-11: descargado
2026-07-24 00:51:41 | INFO     | SMN 2023-12-12: descargado
2026-07-24 00:51:41 | INFO     | SMN 2023-12-12: descargado
2026-07-24 00:51:41 | INFO     | SMN 2023-12-13: descargado
2026-07-24 00:51:41 | INFO     | SMN 2023-12-13: descargado
2026-07-24 00:51:41 | INFO     | SMN 2023-12-14: descargado
2026-07-24 00:51:41 | INFO     | SMN 2023-12-14: descargado
2026-07-24 00:51:42 | INFO     | SMN 2023-12-15: descargado
2026-07-24 00:51:42 | INFO     | SMN 2023-12-15: descargado
2026-07-24 00:51:42 | WARNING  | SMN 2023-12-16: sin datos en el servidor
2026-07-24 00:51:42 | WARNING  | SMN 2023-12-16: sin datos en el servidor
2026-07-24 00:52:02 | ERROR    | SMN 2023-12-17: error de descarga
2026-07-24 00:52:02 | INFO     | SMN 2023-12-17: descargado
2026-07-24 00:52:22 | ERROR    | SMN 2023-12-18: error de descarga
2026-07-24 00:52:22 | INFO     | SMN 2023-12-18: descargado
2026-07-24 00:52:22 | INFO     | SMN 2023-12-19: descargado
2026-07-24 00:52:22 | INFO     | SMN 2023-12-20: descargado
2026-07-24 00:52:22 | INFO     | SMN 2023-12-20: descargado
2026-07-24 00:52:42 | ERROR    | SMN 2023-12-21: error de descarga
2026-07-24 00:52:42 | INFO     | SMN 2023-12-22: descargado
2026-07-24 00:52:43 | ERROR    | SMN 2023-12-21: error de descarga
2026-07-24 00:52:43 | INFO     | SMN 2023-12-23: descargado
2026-07-24 00:52:43 | INFO     | SMN 2023-12-23: descargado
2026-07-24 00:52:43 | INFO     | SMN 2023-12-24: descargado
2026-07-24 00:52:43 | INFO     | SMN 2023-12-24: descargado
2026-07-24 00:52:44 | INFO     | SMN 2023-12-25: descargado
2026-07-24 00:52:44 | INFO     | SMN 2023-12-25: descargado
2026-07-24 00:52:44 | INFO     | SMN 2023-12-26: descargado
2026-07-24 00:52:44 | INFO     | SMN 2023-12-26: descargado
2026-07-24 00:52:45 | INFO     | SMN 2023-12-27: descargado
2026-07-24 00:52:45 | INFO     | SMN 2023-12-27: descargado
2026-07-24 00:52:45 | INFO     | SMN 2023-12-28: descargado
2026-07-24 00:52:45 | INFO     | SMN 2023-12-28: descargado
2026-07-24 00:52:46 | INFO     | SMN 2023-12-29: descargado
2026-07-24 00:52:46 | INFO     | SMN 2023-12-29: descargado
2026-07-24 00:52:46 | INFO     | SMN 2023-12-30: descargado
2026-07-24 00:52:46 | INFO     | SMN 2023-12-30: descargado
2026-07-24 00:52:47 | INFO     | SMN 2023-12-31: descargado
2026-07-24 00:52:47 | INFO     | SMN 2023-12-31: descargado
2026-07-24 00:52:47 | INFO     | SMN 2024-01-01: descargado
2026-07-24 00:52:47 | INFO     | SMN 2024-01-01: descargado
2026-07-24 00:52:48 | INFO     | SMN 2024-01-02: descargado
2026-07-24 00:52:48 | INFO     | SMN 2024-01-02: descargado
2026-07-24 00:52:48 | INFO     | SMN 2024-01-03: descargado
2026-07-24 00:52:48 | INFO     | SMN 2024-01-03: descargado
2026-07-24 00:52:49 | INFO     | SMN 2024-01-04: descargado
2026-07-24 00:52:49 | INFO     | SMN 2024-01-04: descargado
2026-07-24 00:52:49 | INFO     | SMN 2024-01-05: descargado
2026-07-24 00:52:49 | INFO     | SMN 2024-01-05: descargado
2026-07-24 00:52:50 | INFO     | SMN 2024-01-06: descargado
2026-07-24 00:52:50 | INFO     | SMN 2024-01-06: descargado
2026-07-24 00:52:50 | WARNING  | SMN 2024-01-07: sin datos en el servidor
2026-07-24 00:52:50 | WARNING  | SMN 2024-01-07: sin datos en el servidor
2026-07-24 00:52:50 | INFO     | SMN 2024-01-08: descargado
2026-07-24 00:52:50 | INFO     | SMN 2024-01-08: descargado
2026-07-24 00:52:51 | INFO     | SMN 2024-01-09: descargado
2026-07-24 00:52:51 | INFO     | SMN 2024-01-09: descargado
2026-07-24 00:53:11 | ERROR    | SMN 2024-01-10: error de descarga
2026-07-24 00:53:11 | INFO     | SMN 2024-01-10: descargado
2026-07-24 00:53:30 | ERROR    | SMN 2024-01-11: error de descarga
2026-07-24 00:53:30 | INFO     | SMN 2024-01-11: descargado
2026-07-24 00:53:30 | INFO     | SMN 2024-01-12: descargado
2026-07-24 00:53:31 | INFO     | SMN 2024-01-13: descargado
2026-07-24 00:53:31 | INFO     | SMN 2024-01-13: descargado
2026-07-24 00:53:51 | ERROR    | SMN 2024-01-14: error de descarga
2026-07-24 00:53:51 | INFO     | SMN 2024-01-15: descargado
2026-07-24 00:53:51 | INFO     | SMN 2024-01-14: descargado
2026-07-24 00:53:51 | INFO     | SMN 2024-01-16: descargado
2026-07-24 00:53:51 | INFO     | SMN 2024-01-16: descargado
2026-07-24 00:53:52 | INFO     | SMN 2024-01-17: descargado
2026-07-24 00:53:52 | INFO     | SMN 2024-01-18: descargado
2026-07-24 00:53:52 | INFO     | SMN 2024-01-18: descargado
2026-07-24 00:53:53 | INFO     | SMN 2024-01-19: descargado
2026-07-24 00:53:53 | INFO     | SMN 2024-01-19: descargado
2026-07-24 00:53:53 | INFO     | SMN 2024-01-20: descargado
2026-07-24 00:53:53 | INFO     | SMN 2024-01-20: descargado
2026-07-24 00:53:53 | INFO     | SMN 2024-01-21: descargado
2026-07-24 00:53:53 | INFO     | SMN 2024-01-21: descargado
2026-07-24 00:53:54 | INFO     | SMN 2024-01-22: descargado
2026-07-24 00:53:54 | INFO     | SMN 2024-01-22: descargado
2026-07-24 00:53:55 | INFO     | SMN 2024-01-23: descargado
2026-07-24 00:53:55 | INFO     | SMN 2024-01-23: descargado
2026-07-24 00:53:55 | INFO     | SMN 2024-01-24: descargado
2026-07-24 00:53:55 | INFO     | SMN 2024-01-24: descargado
2026-07-24 00:54:15 | ERROR    | SMN 2024-01-25: error de descarga
2026-07-24 00:54:15 | INFO     | SMN 2024-01-25: descargado
2026-07-24 00:54:15 | INFO     | SMN 2024-01-26: descargado
2026-07-24 00:54:35 | ERROR    | SMN 2024-01-27: error de descarga
2026-07-24 00:54:35 | INFO     | SMN 2024-01-28: descargado
2026-07-24 00:54:35 | INFO     | SMN 2024-01-27: descargado
2026-07-24 00:54:35 | INFO     | SMN 2024-01-29: descargado
2026-07-24 00:54:35 | INFO     | SMN 2024-01-29: descargado
2026-07-24 00:54:36 | INFO     | SMN 2024-01-30: descargado
2026-07-24 00:54:36 | INFO     | SMN 2024-01-30: descargado
2026-07-24 00:54:37 | INFO     | SMN 2024-01-31: descargado
2026-07-24 00:54:37 | INFO     | SMN 2024-01-31: descargado
2026-07-24 00:54:37 | INFO     | SMN 2024-02-01: descargado
2026-07-24 00:54:37 | INFO     | SMN 2024-02-01: descargado
2026-07-24 00:54:37 | INFO     | SMN 2024-02-02: descargado
2026-07-24 00:54:37 | INFO     | SMN 2024-02-02: descargado
2026-07-24 00:54:38 | INFO     | SMN 2024-02-03: descargado
2026-07-24 00:54:38 | INFO     | SMN 2024-02-03: descargado
2026-07-24 00:54:39 | INFO     | SMN 2024-02-04: descargado
2026-07-24 00:54:39 | INFO     | SMN 2024-02-04: descargado
2026-07-24 00:54:39 | INFO     | SMN 2024-02-05: descargado
2026-07-24 00:54:39 | INFO     | SMN 2024-02-05: descargado
2026-07-24 00:54:39 | INFO     | SMN 2024-02-06: descargado
2026-07-24 00:54:39 | INFO     | SMN 2024-02-06: descargado
2026-07-24 00:54:40 | INFO     | SMN 2024-02-07: descargado
2026-07-24 00:54:40 | INFO     | SMN 2024-02-07: descargado
2026-07-24 00:54:40 | INFO     | SMN 2024-02-08: descargado
2026-07-24 00:54:40 | INFO     | SMN 2024-02-08: descargado
2026-07-24 00:54:41 | INFO     | SMN 2024-02-09: descargado
2026-07-24 00:54:41 | INFO     | SMN 2024-02-09: descargado
2026-07-24 00:54:41 | INFO     | SMN 2024-02-10: descargado
2026-07-24 00:54:41 | INFO     | SMN 2024-02-10: descargado
2026-07-24 00:54:42 | INFO     | SMN 2024-02-11: descargado
2026-07-24 00:54:42 | INFO     | SMN 2024-02-11: descargado
2026-07-24 00:54:42 | INFO     | SMN 2024-02-12: descargado
2026-07-24 00:54:42 | INFO     | SMN 2024-02-12: descargado
2026-07-24 00:54:43 | INFO     | SMN 2024-02-13: descargado
2026-07-24 00:54:43 | INFO     | SMN 2024-02-13: descargado
2026-07-24 00:54:43 | INFO     | SMN 2024-02-14: descargado
2026-07-24 00:54:43 | INFO     | SMN 2024-02-14: descargado
2026-07-24 00:54:44 | INFO     | SMN 2024-02-15: descargado
2026-07-24 00:54:44 | INFO     | SMN 2024-02-15: descargado
2026-07-24 00:54:44 | INFO     | SMN 2024-02-16: descargado
2026-07-24 00:54:44 | INFO     | SMN 2024-02-16: descargado
2026-07-24 00:54:45 | INFO     | SMN 2024-02-17: descargado
2026-07-24 00:54:45 | INFO     | SMN 2024-02-17: descargado
2026-07-24 00:54:45 | INFO     | SMN 2024-02-18: descargado
2026-07-24 00:54:45 | INFO     | SMN 2024-02-18: descargado
2026-07-24 00:54:46 | INFO     | SMN 2024-02-19: descargado
2026-07-24 00:54:46 | INFO     | SMN 2024-02-19: descargado
2026-07-24 00:54:46 | INFO     | SMN 2024-02-20: descargado
2026-07-24 00:54:46 | INFO     | SMN 2024-02-20: descargado
2026-07-24 00:54:47 | INFO     | SMN 2024-02-21: descargado
2026-07-24 00:54:47 | INFO     | SMN 2024-02-21: descargado
2026-07-24 00:54:47 | INFO     | SMN 2024-02-22: descargado
2026-07-24 00:54:47 | INFO     | SMN 2024-02-22: descargado
2026-07-24 00:54:48 | INFO     | SMN 2024-02-23: descargado
2026-07-24 00:54:48 | INFO     | SMN 2024-02-23: descargado
2026-07-24 00:54:48 | INFO     | SMN 2024-02-24: descargado
2026-07-24 00:54:48 | INFO     | SMN 2024-02-24: descargado
2026-07-24 00:54:49 | INFO     | SMN 2024-02-25: descargado
2026-07-24 00:54:49 | INFO     | SMN 2024-02-25: descargado
2026-07-24 00:55:09 | ERROR    | SMN 2024-02-26: error de descarga
2026-07-24 00:55:09 | INFO     | SMN 2024-02-27: descargado
2026-07-24 00:55:09 | ERROR    | SMN 2024-02-26: error de descarga
2026-07-24 00:55:09 | INFO     | SMN 2024-02-28: descargado
2026-07-24 00:55:09 | INFO     | SMN 2024-02-28: descargado
2026-07-24 00:55:29 | ERROR    | SMN 2024-02-29: error de descarga
2026-07-24 00:55:29 | INFO     | SMN 2024-03-01: descargado
2026-07-24 00:55:29 | INFO     | SMN 2024-02-29: descargado
2026-07-24 00:55:30 | INFO     | SMN 2024-03-02: descargado
2026-07-24 00:55:30 | INFO     | SMN 2024-03-02: descargado
2026-07-24 00:55:30 | INFO     | SMN 2024-03-03: descargado
2026-07-24 00:55:30 | INFO     | SMN 2024-03-03: descargado
2026-07-24 00:55:30 | INFO     | SMN 2024-03-04: descargado
2026-07-24 00:55:30 | INFO     | SMN 2024-03-04: descargado
2026-07-24 00:55:31 | INFO     | SMN 2024-03-05: descargado
2026-07-24 00:55:31 | INFO     | SMN 2024-03-05: descargado
2026-07-24 00:55:51 | ERROR    | SMN 2024-03-06: error de descarga
2026-07-24 00:55:51 | INFO     | SMN 2024-03-07: descargado
2026-07-24 00:55:51 | INFO     | SMN 2024-03-06: descargado
2026-07-24 00:55:51 | INFO     | SMN 2024-03-08: descargado
2026-07-24 00:55:51 | INFO     | SMN 2024-03-08: descargado
2026-07-24 00:56:11 | ERROR    | SMN 2024-03-09: error de descarga
2026-07-24 00:56:12 | INFO     | SMN 2024-03-09: descargado
2026-07-24 00:56:12 | INFO     | SMN 2024-03-10: descargado
2026-07-24 00:56:12 | INFO     | SMN 2024-03-11: descargado
2026-07-24 00:56:12 | INFO     | SMN 2024-03-11: descargado
2026-07-24 00:56:13 | INFO     | SMN 2024-03-12: descargado
2026-07-24 00:56:13 | INFO     | SMN 2024-03-12: descargado
2026-07-24 00:56:13 | INFO     | SMN 2024-03-13: descargado
2026-07-24 00:56:13 | INFO     | SMN 2024-03-13: descargado
2026-07-24 00:56:14 | INFO     | SMN 2024-03-14: descargado
2026-07-24 00:56:14 | INFO     | SMN 2024-03-14: descargado
2026-07-24 00:56:14 | INFO     | SMN 2024-03-15: descargado
2026-07-24 00:56:14 | INFO     | SMN 2024-03-15: descargado
2026-07-24 00:56:15 | INFO     | SMN 2024-03-16: descargado
2026-07-24 00:56:15 | INFO     | SMN 2024-03-16: descargado
2026-07-24 00:56:15 | INFO     | SMN 2024-03-17: descargado
2026-07-24 00:56:15 | INFO     | SMN 2024-03-17: descargado
2026-07-24 00:56:15 | INFO     | SMN 2024-03-18: descargado
2026-07-24 00:56:15 | INFO     | SMN 2024-03-18: descargado
2026-07-24 00:56:16 | INFO     | SMN 2024-03-19: descargado
2026-07-24 00:56:16 | INFO     | SMN 2024-03-19: descargado
2026-07-24 00:56:16 | INFO     | SMN 2024-03-20: descargado
2026-07-24 00:56:16 | INFO     | SMN 2024-03-20: descargado
2026-07-24 00:56:17 | INFO     | SMN 2024-03-21: descargado
2026-07-24 00:56:17 | INFO     | SMN 2024-03-21: descargado
2026-07-24 00:56:17 | INFO     | SMN 2024-03-22: descargado
2026-07-24 00:56:17 | INFO     | SMN 2024-03-22: descargado
2026-07-24 00:56:18 | INFO     | SMN 2024-03-23: descargado
2026-07-24 00:56:18 | INFO     | SMN 2024-03-23: descargado
2026-07-24 00:56:38 | ERROR    | SMN 2024-03-24: error de descarga
2026-07-24 00:56:38 | INFO     | SMN 2024-03-25: descargado
2026-07-24 00:56:38 | INFO     | SMN 2024-03-24: descargado
2026-07-24 00:56:38 | INFO     | SMN 2024-03-26: descargado
2026-07-24 00:56:38 | INFO     | SMN 2024-03-26: descargado
2026-07-24 00:56:39 | INFO     | SMN 2024-03-27: descargado
2026-07-24 00:56:39 | INFO     | SMN 2024-03-27: descargado
2026-07-24 00:56:39 | INFO     | SMN 2024-03-28: descargado
2026-07-24 00:56:39 | INFO     | SMN 2024-03-28: descargado
2026-07-24 00:56:39 | INFO     | SMN 2024-03-29: descargado
2026-07-24 00:56:39 | INFO     | SMN 2024-03-29: descargado
2026-07-24 00:56:40 | INFO     | SMN 2024-03-30: descargado
2026-07-24 00:56:40 | INFO     | SMN 2024-03-30: descargado
2026-07-24 00:56:40 | INFO     | SMN 2024-03-31: descargado
2026-07-24 00:56:40 | INFO     | SMN 2024-03-31: descargado
2026-07-24 00:56:41 | INFO     | SMN 2024-04-01: descargado
2026-07-24 00:56:41 | INFO     | SMN 2024-04-01: descargado
2026-07-24 00:56:41 | INFO     | SMN 2024-04-02: descargado
2026-07-24 00:56:41 | INFO     | SMN 2024-04-02: descargado
2026-07-24 00:56:42 | INFO     | SMN 2024-04-03: descargado
2026-07-24 00:56:42 | INFO     | SMN 2024-04-03: descargado
2026-07-24 00:56:42 | INFO     | SMN 2024-04-04: descargado
2026-07-24 00:56:42 | INFO     | SMN 2024-04-04: descargado
2026-07-24 00:56:43 | INFO     | SMN 2024-04-05: descargado
2026-07-24 00:56:43 | INFO     | SMN 2024-04-05: descargado
2026-07-24 00:57:03 | ERROR    | SMN 2024-04-06: error de descarga
2026-07-24 00:57:03 | INFO     | SMN 2024-04-06: descargado
2026-07-24 00:57:22 | ERROR    | SMN 2024-04-07: error de descarga
2026-07-24 00:57:22 | INFO     | SMN 2024-04-08: descargado
2026-07-24 00:57:22 | INFO     | SMN 2024-04-07: descargado
2026-07-24 00:57:23 | INFO     | SMN 2024-04-09: descargado
2026-07-24 00:57:23 | INFO     | SMN 2024-04-09: descargado
2026-07-24 00:57:23 | INFO     | SMN 2024-04-10: descargado
2026-07-24 00:57:23 | INFO     | SMN 2024-04-10: descargado
2026-07-24 00:57:24 | INFO     | SMN 2024-04-11: descargado
2026-07-24 00:57:24 | INFO     | SMN 2024-04-11: descargado
2026-07-24 00:57:43 | ERROR    | SMN 2024-04-12: error de descarga
2026-07-24 00:57:43 | INFO     | SMN 2024-04-12: descargado
2026-07-24 00:58:03 | ERROR    | SMN 2024-04-13: error de descarga
2026-07-24 00:58:03 | INFO     | SMN 2024-04-14: descargado
2026-07-24 00:58:03 | INFO     | SMN 2024-04-13: descargado
2026-07-24 00:58:04 | INFO     | SMN 2024-04-15: descargado
2026-07-24 00:58:04 | INFO     | SMN 2024-04-15: descargado
2026-07-24 00:58:04 | INFO     | SMN 2024-04-16: descargado
2026-07-24 00:58:04 | INFO     | SMN 2024-04-16: descargado
2026-07-24 00:58:05 | INFO     | SMN 2024-04-17: descargado
2026-07-24 00:58:05 | INFO     | SMN 2024-04-17: descargado
2026-07-24 00:58:05 | INFO     | SMN 2024-04-18: descargado
2026-07-24 00:58:05 | INFO     | SMN 2024-04-18: descargado
2026-07-24 00:58:06 | INFO     | SMN 2024-04-19: descargado
2026-07-24 00:58:06 | INFO     | SMN 2024-04-19: descargado
2026-07-24 00:58:06 | INFO     | SMN 2024-04-20: descargado
2026-07-24 00:58:06 | INFO     | SMN 2024-04-20: descargado
2026-07-24 00:58:07 | INFO     | SMN 2024-04-21: descargado
2026-07-24 00:58:07 | INFO     | SMN 2024-04-21: descargado
2026-07-24 00:58:08 | INFO     | SMN 2024-04-22: descargado
2026-07-24 00:58:08 | INFO     | SMN 2024-04-22: descargado
2026-07-24 00:58:08 | INFO     | SMN 2024-04-23: descargado
2026-07-24 00:58:08 | INFO     | SMN 2024-04-23: descargado
2026-07-24 00:58:10 | INFO     | SMN 2024-04-24: descargado
2026-07-24 00:58:10 | INFO     | SMN 2024-04-24: descargado
2026-07-24 00:58:10 | INFO     | SMN 2024-04-25: descargado
2026-07-24 00:58:10 | INFO     | SMN 2024-04-25: descargado
2026-07-24 00:58:30 | ERROR    | SMN 2024-04-26: error de descarga
2026-07-24 00:58:31 | INFO     | SMN 2024-04-27: descargado
2026-07-24 00:58:31 | INFO     | SMN 2024-04-26: descargado
2026-07-24 00:58:31 | INFO     | SMN 2024-04-28: descargado
2026-07-24 00:58:31 | INFO     | SMN 2024-04-28: descargado
2026-07-24 00:58:51 | ERROR    | SMN 2024-04-29: error de descarga
2026-07-24 00:58:52 | INFO     | SMN 2024-04-30: descargado
2026-07-24 00:58:52 | INFO     | SMN 2024-04-29: descargado
2026-07-24 00:59:12 | ERROR    | SMN 2024-05-01: error de descarga
2026-07-24 00:59:12 | INFO     | SMN 2024-05-01: descargado
2026-07-24 00:59:12 | INFO     | SMN 2024-05-02: descargado
2026-07-24 00:59:12 | INFO     | SMN 2024-05-03: descargado
2026-07-24 00:59:12 | INFO     | SMN 2024-05-03: descargado
2026-07-24 00:59:13 | INFO     | SMN 2024-05-04: descargado
2026-07-24 00:59:13 | INFO     | SMN 2024-05-04: descargado
2026-07-24 00:59:13 | INFO     | SMN 2024-05-05: descargado
2026-07-24 00:59:13 | INFO     | SMN 2024-05-05: descargado
2026-07-24 00:59:14 | INFO     | SMN 2024-05-06: descargado
2026-07-24 00:59:14 | INFO     | SMN 2024-05-06: descargado
2026-07-24 00:59:14 | INFO     | SMN 2024-05-07: descargado
2026-07-24 00:59:14 | INFO     | SMN 2024-05-07: descargado
2026-07-24 00:59:34 | ERROR    | SMN 2024-05-08: error de descarga
2026-07-24 00:59:35 | ERROR    | SMN 2024-05-08: error de descarga
2026-07-24 00:59:54 | ERROR    | SMN 2024-05-09: error de descarga
2026-07-24 00:59:54 | INFO     | SMN 2024-05-09: descargado
2026-07-24 00:59:54 | INFO     | SMN 2024-05-10: descargado
2026-07-24 00:59:54 | INFO     | SMN 2024-05-11: descargado
2026-07-24 00:59:54 | INFO     | SMN 2024-05-12: descargado
2026-07-24 00:59:54 | INFO     | SMN 2024-05-13: descargado
2026-07-24 00:59:55 | INFO     | SMN 2024-05-14: descargado
2026-07-24 00:59:55 | INFO     | SMN 2024-05-14: descargado
2026-07-24 00:59:55 | INFO     | SMN 2024-05-15: descargado
2026-07-24 00:59:55 | INFO     | SMN 2024-05-15: descargado
2026-07-24 00:59:56 | INFO     | SMN 2024-05-16: descargado
2026-07-24 00:59:56 | INFO     | SMN 2024-05-16: descargado
2026-07-24 01:00:15 | ERROR    | SMN 2024-05-17: error de descarga
2026-07-24 01:00:16 | INFO     | SMN 2024-05-18: descargado
2026-07-24 01:00:16 | INFO     | SMN 2024-05-17: descargado
2026-07-24 01:00:36 | ERROR    | SMN 2024-05-19: error de descarga
2026-07-24 01:00:36 | INFO     | SMN 2024-05-19: descargado
2026-07-24 01:00:41 | INFO     | SMN 2024-05-20: descargado
2026-07-24 01:00:41 | INFO     | SMN 2024-05-20: descargado
2026-07-24 01:00:41 | INFO     | SMN 2024-05-21: descargado
2026-07-24 01:00:41 | INFO     | SMN 2024-05-21: descargado
2026-07-24 01:00:42 | INFO     | SMN 2024-05-22: descargado
2026-07-24 01:00:42 | INFO     | SMN 2024-05-22: descargado
2026-07-24 01:00:42 | INFO     | SMN 2024-05-23: descargado
2026-07-24 01:00:43 | INFO     | SMN 2024-05-24: descargado
2026-07-24 01:00:43 | INFO     | SMN 2024-05-24: descargado
2026-07-24 01:00:43 | INFO     | SMN 2024-05-25: descargado
2026-07-24 01:00:43 | INFO     | SMN 2024-05-25: descargado
2026-07-24 01:01:03 | ERROR    | SMN 2024-05-26: error de descarga
2026-07-24 01:01:03 | INFO     | SMN 2024-05-26: descargado
2026-07-24 01:01:03 | INFO     | SMN 2024-05-27: descargado
2026-07-24 01:01:22 | ERROR    | SMN 2024-05-28: error de descarga
2026-07-24 01:01:23 | INFO     | SMN 2024-05-29: descargado
2026-07-24 01:01:23 | INFO     | SMN 2024-05-28: descargado
2026-07-24 01:01:42 | ERROR    | SMN 2024-05-30: error de descarga
2026-07-24 01:01:43 | INFO     | SMN 2024-05-30: descargado
2026-07-24 01:02:02 | ERROR    | SMN 2024-05-31: error de descarga
2026-07-24 01:02:02 | INFO     | SMN 2024-05-31: descargado
2026-07-24 01:02:02 | INFO     | SMN 2024-06-01: descargado
2026-07-24 01:02:03 | INFO     | SMN 2024-06-02: descargado
2026-07-24 01:02:22 | ERROR    | SMN 2024-06-03: error de descarga
2026-07-24 01:02:22 | INFO     | SMN 2024-06-04: descargado
2026-07-24 01:02:22 | INFO     | SMN 2024-06-03: descargado
2026-07-24 01:02:23 | INFO     | SMN 2024-06-05: descargado
2026-07-24 01:02:23 | INFO     | SMN 2024-06-05: descargado
2026-07-24 01:02:23 | INFO     | SMN 2024-06-06: descargado
2026-07-24 01:02:23 | INFO     | SMN 2024-06-06: descargado
2026-07-24 01:02:24 | INFO     | SMN 2024-06-07: descargado
2026-07-24 01:02:24 | INFO     | SMN 2024-06-07: descargado
2026-07-24 01:02:24 | INFO     | SMN 2024-06-08: descargado
2026-07-24 01:02:24 | INFO     | SMN 2024-06-08: descargado
2026-07-24 01:02:25 | INFO     | SMN 2024-06-09: descargado
2026-07-24 01:02:25 | INFO     | SMN 2024-06-09: descargado
2026-07-24 01:02:25 | INFO     | SMN 2024-06-10: descargado
2026-07-24 01:02:25 | INFO     | SMN 2024-06-10: descargado
2026-07-24 01:02:26 | INFO     | SMN 2024-06-11: descargado
2026-07-24 01:02:26 | INFO     | SMN 2024-06-11: descargado
2026-07-24 01:02:26 | INFO     | SMN 2024-06-12: descargado
2026-07-24 01:02:26 | INFO     | SMN 2024-06-12: descargado
2026-07-24 01:02:26 | INFO     | SMN 2024-06-13: descargado
2026-07-24 01:02:26 | INFO     | SMN 2024-06-13: descargado
2026-07-24 01:02:27 | INFO     | SMN 2024-06-14: descargado
2026-07-24 01:02:27 | INFO     | SMN 2024-06-14: descargado
2026-07-24 01:02:47 | ERROR    | SMN 2024-06-15: error de descarga
2026-07-24 01:02:47 | INFO     | SMN 2024-06-16: descargado
2026-07-24 01:02:47 | ERROR    | SMN 2024-06-15: error de descarga
2026-07-24 01:02:47 | INFO     | SMN 2024-06-17: descargado
2026-07-24 01:02:47 | INFO     | SMN 2024-06-18: descargado
2026-07-24 01:02:48 | INFO     | SMN 2024-06-19: descargado
2026-07-24 01:02:48 | INFO     | SMN 2024-06-19: descargado
2026-07-24 01:02:49 | INFO     | SMN 2024-06-20: descargado
2026-07-24 01:02:49 | INFO     | SMN 2024-06-20: descargado
2026-07-24 01:02:49 | INFO     | SMN 2024-06-21: descargado
2026-07-24 01:02:49 | INFO     | SMN 2024-06-21: descargado
2026-07-24 01:02:49 | INFO     | SMN 2024-06-22: descargado
2026-07-24 01:02:49 | INFO     | SMN 2024-06-22: descargado
2026-07-24 01:02:50 | INFO     | SMN 2024-06-23: descargado
2026-07-24 01:02:50 | INFO     | SMN 2024-06-23: descargado
2026-07-24 01:02:50 | INFO     | SMN 2024-06-24: descargado
2026-07-24 01:02:50 | INFO     | SMN 2024-06-24: descargado
2026-07-24 01:02:51 | INFO     | SMN 2024-06-25: descargado
2026-07-24 01:02:51 | INFO     | SMN 2024-06-25: descargado
2026-07-24 01:03:11 | ERROR    | SMN 2024-06-26: error de descarga
2026-07-24 01:03:11 | INFO     | SMN 2024-06-27: descargado
2026-07-24 01:03:11 | INFO     | SMN 2024-06-28: descargado
2026-07-24 01:03:12 | INFO     | SMN 2024-06-29: descargado
2026-07-24 01:03:12 | INFO     | SMN 2024-06-30: descargado
2026-07-24 01:03:13 | INFO     | SMN 2024-07-01: descargado
2026-07-24 01:03:13 | INFO     | SMN 2024-07-02: descargado
2026-07-24 01:03:14 | INFO     | SMN 2024-07-03: descargado
2026-07-24 01:03:14 | INFO     | SMN 2024-07-04: descargado
2026-07-24 01:03:14 | INFO     | SMN 2024-07-05: descargado
2026-07-24 01:03:15 | INFO     | SMN 2024-07-06: descargado
2026-07-24 01:03:16 | INFO     | SMN 2024-07-07: descargado
2026-07-24 01:03:16 | INFO     | SMN 2024-07-08: descargado
2026-07-24 01:03:17 | INFO     | SMN 2024-07-09: descargado
2026-07-24 01:03:17 | INFO     | SMN 2024-07-10: descargado
2026-07-24 01:03:37 | ERROR    | SMN 2024-07-11: error de descarga
2026-07-24 01:03:37 | INFO     | SMN 2024-07-12: descargado
2026-07-24 01:03:37 | INFO     | SMN 2024-07-13: descargado
2026-07-24 01:03:38 | INFO     | SMN 2024-07-14: descargado
2026-07-24 01:03:38 | INFO     | SMN 2024-07-15: descargado
2026-07-24 01:03:39 | INFO     | SMN 2024-07-16: descargado
2026-07-24 01:03:39 | INFO     | SMN 2024-07-17: descargado
2026-07-24 01:03:59 | ERROR    | SMN 2024-07-18: error de descarga
2026-07-24 01:04:00 | INFO     | SMN 2024-07-19: descargado
2026-07-24 01:04:00 | INFO     | SMN 2024-07-20: descargado
2026-07-24 01:04:01 | INFO     | SMN 2024-07-21: descargado
2026-07-24 01:04:01 | INFO     | SMN 2024-07-22: descargado
2026-07-24 01:04:13 | INFO     | SMN 2024-07-23: descargado
2026-07-24 01:04:14 | INFO     | SMN 2024-07-24: descargado
2026-07-24 01:04:15 | INFO     | SMN 2024-07-25: descargado
2026-07-24 01:04:15 | INFO     | SMN 2024-07-26: descargado
2026-07-24 01:04:16 | INFO     | SMN 2024-07-27: descargado
2026-07-24 01:04:18 | INFO     | SMN 2024-07-28: descargado
2026-07-24 01:04:20 | INFO     | SMN 2024-07-29: descargado
2026-07-24 01:04:39 | ERROR    | SMN 2024-07-30: error de descarga
2026-07-24 01:04:59 | ERROR    | SMN 2024-07-31: error de descarga
2026-07-24 01:04:59 | INFO     | SMN 2024-08-01: descargado
2026-07-24 01:05:00 | INFO     | SMN 2024-08-02: descargado
2026-07-24 01:05:20 | ERROR    | SMN 2024-08-03: error de descarga
2026-07-24 01:05:21 | INFO     | SMN 2024-08-04: descargado
2026-07-24 01:05:41 | ERROR    | SMN 2024-08-05: error de descarga
2026-07-24 01:05:42 | INFO     | SMN 2024-08-06: descargado
2026-07-24 01:06:02 | ERROR    | SMN 2024-08-07: error de descarga
2026-07-24 01:06:02 | INFO     | SMN 2024-08-08: descargado
2026-07-24 01:06:03 | INFO     | SMN 2024-08-09: descargado
2026-07-24 01:06:04 | INFO     | SMN 2024-08-10: descargado
2026-07-24 01:06:04 | INFO     | SMN 2024-08-11: descargado
2026-07-24 01:06:05 | INFO     | SMN 2024-08-12: descargado
2026-07-24 01:06:06 | INFO     | SMN 2024-08-13: descargado
2026-07-24 01:06:07 | INFO     | SMN 2024-08-14: descargado
2026-07-24 01:06:08 | INFO     | SMN 2024-08-15: descargado
2026-07-24 01:06:08 | INFO     | SMN 2024-08-16: descargado
2026-07-24 01:06:09 | INFO     | SMN 2024-08-17: descargado
2026-07-24 01:06:10 | INFO     | SMN 2024-08-18: descargado
2026-07-24 01:06:12 | INFO     | SMN 2024-08-19: descargado
2026-07-24 01:06:12 | INFO     | SMN 2024-08-20: descargado
2026-07-24 01:06:13 | INFO     | SMN 2024-08-21: descargado
2026-07-24 01:06:33 | ERROR    | SMN 2024-08-22: error de descarga
2026-07-24 01:06:33 | INFO     | SMN 2024-08-23: descargado
2026-07-24 01:06:53 | ERROR    | SMN 2024-08-24: error de descarga
2026-07-24 01:07:13 | ERROR    | SMN 2024-08-25: error de descarga
2026-07-24 01:07:14 | INFO     | SMN 2024-08-26: descargado
2026-07-24 01:07:15 | INFO     | SMN 2024-08-27: descargado
2026-07-24 01:07:16 | INFO     | SMN 2024-08-28: descargado
2026-07-24 01:07:17 | INFO     | SMN 2024-08-29: descargado
2026-07-24 01:07:19 | INFO     | SMN 2024-08-30: descargado
2026-07-24 01:07:20 | INFO     | SMN 2024-08-31: descargado
2026-07-24 01:07:20 | INFO     | SMN 2024-09-01: descargado
2026-07-24 01:07:23 | INFO     | SMN 2024-09-02: descargado
2026-07-24 01:07:23 | INFO     | SMN 2024-09-03: descargado
2026-07-24 01:07:24 | INFO     | SMN 2024-09-04: descargado
2026-07-24 01:07:24 | INFO     | SMN 2024-09-05: descargado
2026-07-24 01:07:25 | INFO     | SMN 2024-09-06: descargado
2026-07-24 01:07:26 | INFO     | SMN 2024-09-07: descargado
2026-07-24 01:07:27 | INFO     | SMN 2024-09-08: descargado
2026-07-24 01:07:28 | INFO     | SMN 2024-09-09: descargado
2026-07-24 01:07:29 | INFO     | SMN 2024-09-10: descargado
2026-07-24 01:07:48 | ERROR    | SMN 2024-09-11: error de descarga
2026-07-24 01:08:08 | ERROR    | SMN 2024-09-12: error de descarga
2026-07-24 01:08:09 | INFO     | SMN 2024-09-13: descargado
2026-07-24 01:08:10 | INFO     | SMN 2024-09-14: descargado
2026-07-24 01:08:11 | INFO     | SMN 2024-09-15: descargado
2026-07-24 01:08:31 | ERROR    | SMN 2024-09-16: error de descarga
2026-07-24 01:08:32 | INFO     | SMN 2024-09-17: descargado
2026-07-24 01:08:33 | INFO     | SMN 2024-09-18: descargado
2026-07-24 01:08:33 | INFO     | SMN 2024-09-19: descargado
2026-07-24 01:08:34 | INFO     | SMN 2024-09-20: descargado
2026-07-24 01:08:35 | INFO     | SMN 2024-09-21: descargado
2026-07-24 01:08:36 | INFO     | SMN 2024-09-22: descargado
2026-07-24 01:08:37 | INFO     | SMN 2024-09-23: descargado
2026-07-24 01:08:38 | INFO     | SMN 2024-09-24: descargado
2026-07-24 01:08:58 | ERROR    | SMN 2024-09-25: error de descarga
2026-07-24 01:09:17 | ERROR    | SMN 2024-09-26: error de descarga
2026-07-24 01:09:18 | INFO     | SMN 2024-09-27: descargado
2026-07-24 01:09:18 | INFO     | SMN 2024-09-28: descargado
2026-07-24 01:09:19 | INFO     | SMN 2024-09-29: descargado
2026-07-24 01:09:19 | INFO     | SMN 2024-09-30: descargado
2026-07-24 01:09:20 | INFO     | SMN 2024-10-01: descargado
2026-07-24 01:09:40 | ERROR    | SMN 2024-10-02: error de descarga
2026-07-24 01:09:41 | INFO     | SMN 2024-10-03: descargado
2026-07-24 01:09:41 | INFO     | SMN 2024-10-04: descargado
2026-07-24 01:10:01 | ERROR    | SMN 2024-10-05: error de descarga
2026-07-24 01:10:02 | INFO     | SMN 2024-10-06: descargado
2026-07-24 01:10:02 | INFO     | SMN 2024-10-07: descargado
2026-07-24 01:10:02 | INFO     | SMN 2024-10-08: descargado
2026-07-24 01:10:03 | INFO     | SMN 2024-10-09: descargado
2026-07-24 01:10:04 | INFO     | SMN 2024-10-10: descargado
2026-07-24 01:10:04 | INFO     | SMN 2024-10-11: descargado
2026-07-24 01:10:04 | INFO     | SMN 2024-10-12: descargado
2026-07-24 01:10:05 | INFO     | SMN 2024-10-13: descargado
2026-07-24 01:10:05 | INFO     | SMN 2024-10-14: descargado
2026-07-24 01:10:06 | INFO     | SMN 2024-10-15: descargado
2026-07-24 01:10:06 | INFO     | SMN 2024-10-16: descargado
2026-07-24 01:10:07 | INFO     | SMN 2024-10-17: descargado
2026-07-24 01:10:07 | INFO     | SMN 2024-10-18: descargado
2026-07-24 01:10:08 | INFO     | SMN 2024-10-19: descargado
2026-07-24 01:10:08 | INFO     | SMN 2024-10-20: descargado
2026-07-24 01:10:09 | INFO     | SMN 2024-10-21: descargado
2026-07-24 01:10:09 | INFO     | SMN 2024-10-22: descargado
2026-07-24 01:10:10 | INFO     | SMN 2024-10-23: descargado
2026-07-24 01:10:30 | ERROR    | SMN 2024-10-24: error de descarga
2026-07-24 01:10:30 | INFO     | SMN 2024-10-25: descargado
2026-07-24 01:10:30 | INFO     | SMN 2024-10-26: descargado
2026-07-24 01:10:31 | INFO     | SMN 2024-10-27: descargado
2026-07-24 01:10:31 | INFO     | SMN 2024-10-28: descargado
2026-07-24 01:10:32 | INFO     | SMN 2024-10-29: descargado
2026-07-24 01:10:52 | ERROR    | SMN 2024-10-30: error de descarga
2026-07-24 01:11:12 | ERROR    | SMN 2024-10-31: error de descarga
2026-07-24 01:11:12 | INFO     | SMN 2024-11-01: descargado
2026-07-24 01:11:12 | INFO     | SMN 2024-11-02: descargado
2026-07-24 01:11:13 | INFO     | SMN 2024-11-03: descargado
2026-07-24 01:11:13 | INFO     | SMN 2024-11-04: descargado
2026-07-24 01:11:14 | INFO     | SMN 2024-11-05: descargado
2026-07-24 01:11:14 | INFO     | SMN 2024-11-06: descargado
2026-07-24 01:11:14 | INFO     | SMN 2024-11-07: descargado
2026-07-24 01:11:15 | INFO     | SMN 2024-11-08: descargado
2026-07-24 01:11:15 | INFO     | SMN 2024-11-09: descargado
2026-07-24 01:11:16 | INFO     | SMN 2024-11-10: descargado
2026-07-24 01:11:16 | INFO     | SMN 2024-11-11: descargado
2026-07-24 01:11:17 | INFO     | SMN 2024-11-12: descargado
2026-07-24 01:11:17 | INFO     | SMN 2024-11-13: descargado
2026-07-24 01:11:18 | INFO     | SMN 2024-11-14: descargado
2026-07-24 01:11:18 | INFO     | SMN 2024-11-15: descargado
2026-07-24 01:11:19 | INFO     | SMN 2024-11-16: descargado
2026-07-24 01:11:20 | INFO     | SMN 2024-11-17: descargado
2026-07-24 01:11:20 | INFO     | SMN 2024-11-18: descargado
2026-07-24 01:11:21 | INFO     | SMN 2024-11-19: descargado
2026-07-24 01:11:21 | INFO     | SMN 2024-11-20: descargado
2026-07-24 01:11:22 | INFO     | SMN 2024-11-21: descargado
2026-07-24 01:11:22 | INFO     | SMN 2024-11-22: descargado
2026-07-24 01:11:23 | INFO     | SMN 2024-11-23: descargado
2026-07-24 01:11:23 | INFO     | SMN 2024-11-24: descargado
2026-07-24 01:11:24 | INFO     | SMN 2024-11-25: descargado
2026-07-24 01:11:24 | INFO     | SMN 2024-11-26: descargado
2026-07-24 01:11:25 | INFO     | SMN 2024-11-27: descargado
2026-07-24 01:11:25 | INFO     | SMN 2024-11-28: descargado
2026-07-24 01:11:26 | INFO     | SMN 2024-11-29: descargado
2026-07-24 01:11:26 | INFO     | SMN 2024-11-30: descargado
2026-07-24 01:11:27 | INFO     | SMN 2024-12-01: descargado
2026-07-24 01:11:27 | INFO     | SMN 2024-12-02: descargado
2026-07-24 01:11:28 | INFO     | SMN 2024-12-03: descargado
2026-07-24 01:11:28 | WARNING  | SMN 2024-12-04: sin datos en el servidor
2026-07-24 01:11:28 | INFO     | SMN 2024-12-05: descargado
2026-07-24 01:11:29 | INFO     | SMN 2024-12-06: descargado
2026-07-24 01:11:29 | INFO     | SMN 2024-12-07: descargado
2026-07-24 01:11:30 | INFO     | SMN 2024-12-08: descargado
2026-07-24 01:11:30 | INFO     | SMN 2024-12-09: descargado
2026-07-24 01:11:31 | INFO     | SMN 2024-12-10: descargado
2026-07-24 01:11:31 | WARNING  | SMN 2024-12-11: sin datos en el servidor
2026-07-24 01:11:31 | INFO     | SMN 2024-12-12: descargado
2026-07-24 01:11:32 | INFO     | SMN 2024-12-13: descargado
2026-07-24 01:11:32 | INFO     | SMN 2024-12-14: descargado
2026-07-24 01:11:33 | INFO     | SMN 2024-12-15: descargado
2026-07-24 01:13:36 | INFO     | Notebook 01_descarga_datos iniciado
2026-07-24 01:14:19 | INFO     | Notebook 01_descarga_datos iniciado
2026-07-24 01:14:20 | INFO     | SMN 2023-01-03: descargado
2026-07-24 01:14:20 | INFO     | SMN 2023-03-10: descargado
2026-07-24 01:14:21 | INFO     | SMN 2023-03-12: descargado
2026-07-24 01:14:22 | INFO     | SMN 2023-04-03: descargado
2026-07-24 01:14:22 | INFO     | SMN 2023-04-24: descargado
2026-07-24 01:14:23 | INFO     | SMN 2023-05-16: descargado
2026-07-24 01:15:13 | INFO     | SMN 2023-05-25: descargado
2026-07-24 01:15:13 | INFO     | SMN 2023-06-19: descargado
2026-07-24 01:15:14 | INFO     | SMN 2023-07-22: descargado
2026-07-24 01:15:14 | INFO     | SMN 2023-08-23: descargado
2026-07-24 01:15:22 | INFO     | SMN 2023-11-11: descargado
2026-07-24 01:15:23 | INFO     | SMN 2023-11-24: descargado
2026-07-24 01:15:23 | WARNING  | SMN 2023-12-07: sin datos en el servidor
2026-07-24 01:15:23 | WARNING  | SMN 2023-12-16: sin datos en el servidor
2026-07-24 01:15:23 | INFO     | SMN 2023-12-21: descargado
2026-07-24 01:15:24 | WARNING  | SMN 2024-01-07: sin datos en el servidor
2026-07-24 01:15:24 | INFO     | SMN 2024-02-26: descargado
2026-07-24 01:15:25 | INFO     | SMN 2024-05-08: descargado
2026-07-24 01:15:25 | INFO     | SMN 2024-06-15: descargado
2026-07-24 01:15:26 | INFO     | SMN 2024-06-26: descargado
2026-07-24 01:15:26 | INFO     | SMN 2024-07-11: descargado
2026-07-24 01:15:27 | INFO     | SMN 2024-07-18: descargado
2026-07-24 01:15:27 | INFO     | SMN 2024-07-30: descargado
2026-07-24 01:15:28 | INFO     | SMN 2024-07-31: descargado
2026-07-24 01:15:53 | INFO     | SMN 2024-08-03: descargado
2026-07-24 01:15:54 | INFO     | SMN 2024-08-05: descargado
2026-07-24 01:15:54 | INFO     | SMN 2024-08-07: descargado
2026-07-24 01:15:55 | INFO     | SMN 2024-08-22: descargado
2026-07-24 01:15:55 | INFO     | SMN 2024-08-24: descargado
2026-07-24 01:15:56 | INFO     | SMN 2024-08-25: descargado
2026-07-24 01:15:56 | INFO     | SMN 2024-09-11: descargado
2026-07-24 01:15:57 | INFO     | SMN 2024-09-12: descargado
2026-07-24 01:15:58 | INFO     | SMN 2024-09-16: descargado
2026-07-24 01:15:58 | INFO     | SMN 2024-09-25: descargado
2026-07-24 01:15:58 | INFO     | SMN 2024-09-26: descargado
2026-07-24 01:15:59 | INFO     | SMN 2024-10-02: descargado
2026-07-24 01:16:00 | INFO     | SMN 2024-10-05: descargado
2026-07-24 01:16:00 | WARNING  | SMN 2024-10-24: sin datos en el servidor
2026-07-24 01:16:01 | INFO     | SMN 2024-10-30: descargado
2026-07-24 01:16:01 | INFO     | SMN 2024-10-31: descargado
2026-07-24 01:16:02 | WARNING  | SMN 2024-12-04: sin datos en el servidor
2026-07-24 01:16:02 | WARNING  | SMN 2024-12-11: sin datos en el servidor
2026-07-24 01:16:02 | INFO     | SMN 2024-12-16: descargado
2026-07-24 01:16:03 | INFO     | SMN 2024-12-17: descargado
2026-07-24 01:16:53 | INFO     | SMN 2024-12-18: descargado
2026-07-24 01:16:53 | INFO     | SMN 2024-12-19: descargado
2026-07-24 01:16:54 | INFO     | SMN 2024-12-20: descargado
2026-07-24 01:16:54 | INFO     | SMN 2024-12-21: descargado
2026-07-24 01:16:55 | INFO     | SMN 2024-12-22: descargado
2026-07-24 01:16:55 | INFO     | SMN 2024-12-23: descargado
2026-07-24 01:17:00 | INFO     | SMN 2024-12-24: descargado
2026-07-24 01:17:26 | INFO     | SMN 2024-12-25: descargado
2026-07-24 01:18:16 | INFO     | SMN 2024-12-26: descargado
2026-07-24 01:18:16 | INFO     | SMN 2024-12-27: descargado
2026-07-24 01:18:17 | INFO     | SMN 2024-12-28: descargado
2026-07-24 01:18:17 | INFO     | SMN 2024-12-29: descargado
2026-07-24 01:18:38 | INFO     | SMN 2024-12-30: descargado
2026-07-24 01:18:38 | INFO     | SMN 2024-12-31: descargado
2026-07-24 01:18:39 | INFO     | SMN 2025-01-01: descargado
2026-07-24 01:18:39 | INFO     | SMN 2025-01-02: descargado
2026-07-24 01:18:40 | INFO     | SMN 2025-01-03: descargado
2026-07-24 01:18:41 | INFO     | SMN 2025-01-04: descargado
2026-07-24 01:18:41 | INFO     | SMN 2025-01-05: descargado
2026-07-24 01:18:42 | INFO     | SMN 2025-01-06: descargado
2026-07-24 01:18:42 | INFO     | SMN 2025-01-07: descargado
2026-07-24 01:18:43 | INFO     | SMN 2025-01-08: descargado
2026-07-24 01:18:44 | INFO     | SMN 2025-01-09: descargado
2026-07-24 01:18:44 | INFO     | SMN 2025-01-10: descargado
2026-07-24 01:19:09 | INFO     | SMN 2025-01-11: descargado
2026-07-24 01:19:10 | INFO     | SMN 2025-01-12: descargado
2026-07-24 01:19:11 | INFO     | SMN 2025-01-13: descargado
2026-07-24 01:19:11 | INFO     | SMN 2025-01-14: descargado
2026-07-24 01:19:12 | INFO     | SMN 2025-01-15: descargado
2026-07-24 01:19:12 | WARNING  | SMN 2025-01-16: sin datos en el servidor
2026-07-24 01:19:44 | INFO     | SMN 2025-01-17: descargado
2026-07-24 01:19:56 | INFO     | SMN 2025-01-18: descargado
2026-07-24 01:19:56 | INFO     | SMN 2025-01-19: descargado
2026-07-24 01:19:57 | INFO     | SMN 2025-01-20: descargado
2026-07-24 01:19:57 | INFO     | SMN 2025-01-21: descargado
2026-07-24 01:20:23 | INFO     | SMN 2025-01-22: descargado
2026-07-24 01:20:23 | INFO     | SMN 2025-01-23: descargado
2026-07-24 01:20:24 | INFO     | SMN 2025-01-24: descargado
2026-07-24 01:20:25 | INFO     | SMN 2025-01-25: descargado
2026-07-24 01:20:25 | INFO     | SMN 2025-01-26: descargado
2026-07-24 01:20:26 | INFO     | SMN 2025-01-27: descargado
2026-07-24 01:20:26 | INFO     | SMN 2025-01-28: descargado
2026-07-24 01:20:27 | INFO     | SMN 2025-01-29: descargado
2026-07-24 01:20:27 | INFO     | SMN 2025-01-30: descargado
2026-07-24 01:20:28 | INFO     | SMN 2025-01-31: descargado
2026-07-24 01:20:28 | INFO     | SMN 2025-02-01: descargado
2026-07-24 01:20:29 | INFO     | SMN 2025-02-02: descargado
2026-07-24 01:20:30 | INFO     | SMN 2025-02-03: descargado
2026-07-24 01:20:30 | INFO     | SMN 2025-02-04: descargado
2026-07-24 01:20:31 | INFO     | SMN 2025-02-05: descargado
2026-07-24 01:20:31 | INFO     | SMN 2025-02-06: descargado
2026-07-24 01:20:32 | INFO     | SMN 2025-02-07: descargado
2026-07-24 01:20:33 | INFO     | SMN 2025-02-08: descargado
2026-07-24 01:20:33 | INFO     | SMN 2025-02-09: descargado
2026-07-24 01:20:58 | INFO     | SMN 2025-02-10: descargado
2026-07-24 01:21:24 | INFO     | SMN 2025-02-11: descargado
2026-07-24 01:21:24 | INFO     | SMN 2025-02-12: descargado
2026-07-24 01:21:25 | INFO     | SMN 2025-02-13: descargado
2026-07-24 01:21:25 | INFO     | SMN 2025-02-14: descargado
2026-07-24 01:21:26 | INFO     | SMN 2025-02-15: descargado
2026-07-24 01:21:26 | INFO     | SMN 2025-02-16: descargado
2026-07-24 01:21:27 | INFO     | SMN 2025-02-17: descargado
2026-07-24 01:21:27 | INFO     | SMN 2025-02-18: descargado
2026-07-24 01:21:28 | INFO     | SMN 2025-02-19: descargado
2026-07-24 01:21:28 | INFO     | SMN 2025-02-20: descargado
2026-07-24 01:21:29 | INFO     | SMN 2025-02-21: descargado
2026-07-24 01:21:54 | INFO     | SMN 2025-02-22: descargado
2026-07-24 01:21:55 | INFO     | SMN 2025-02-23: descargado
2026-07-24 01:21:56 | INFO     | SMN 2025-02-24: descargado
2026-07-24 01:21:56 | INFO     | SMN 2025-02-25: descargado
2026-07-24 01:21:57 | INFO     | SMN 2025-02-26: descargado
2026-07-24 01:22:22 | INFO     | SMN 2025-02-27: descargado
2026-07-24 01:22:22 | INFO     | SMN 2025-02-28: descargado
2026-07-24 01:22:23 | INFO     | SMN 2025-03-01: descargado
2026-07-24 01:22:48 | INFO     | SMN 2025-03-02: descargado
2026-07-24 01:22:48 | INFO     | SMN 2025-03-03: descargado
2026-07-24 01:23:13 | INFO     | SMN 2025-03-04: descargado
2026-07-24 01:23:14 | INFO     | SMN 2025-03-05: descargado
2026-07-24 01:23:25 | INFO     | SMN 2025-03-06: descargado
2026-07-24 01:23:26 | INFO     | SMN 2025-03-07: descargado
2026-07-24 01:23:51 | INFO     | SMN 2025-03-08: descargado
2026-07-24 01:23:52 | INFO     | SMN 2025-03-09: descargado
2026-07-24 01:23:52 | INFO     | SMN 2025-03-10: descargado
2026-07-24 01:23:52 | INFO     | SMN 2025-03-11: descargado
2026-07-24 01:23:53 | INFO     | SMN 2025-03-12: descargado
2026-07-24 01:23:53 | INFO     | SMN 2025-03-13: descargado
2026-07-24 01:23:54 | INFO     | SMN 2025-03-14: descargado
2026-07-24 01:23:54 | INFO     | SMN 2025-03-15: descargado
2026-07-24 01:23:55 | INFO     | SMN 2025-03-16: descargado
2026-07-24 01:23:55 | INFO     | SMN 2025-03-17: descargado
2026-07-24 01:23:56 | INFO     | SMN 2025-03-18: descargado
2026-07-24 01:23:56 | INFO     | SMN 2025-03-19: descargado
2026-07-24 01:23:57 | INFO     | SMN 2025-03-20: descargado
2026-07-24 01:23:57 | INFO     | SMN 2025-03-21: descargado
2026-07-24 01:23:57 | INFO     | SMN 2025-03-22: descargado
2026-07-24 01:23:58 | INFO     | SMN 2025-03-23: descargado
2026-07-24 01:23:58 | INFO     | SMN 2025-03-24: descargado
2026-07-24 01:24:24 | INFO     | SMN 2025-03-25: descargado
2026-07-24 01:24:24 | INFO     | SMN 2025-03-26: descargado
2026-07-24 01:24:25 | INFO     | SMN 2025-03-27: descargado
2026-07-24 01:24:25 | INFO     | SMN 2025-03-28: descargado
2026-07-24 01:24:25 | INFO     | SMN 2025-03-29: descargado
2026-07-24 01:24:26 | INFO     | SMN 2025-03-30: descargado
2026-07-24 01:24:26 | INFO     | SMN 2025-03-31: descargado
2026-07-24 01:24:27 | INFO     | SMN 2025-04-01: descargado
2026-07-24 01:24:27 | INFO     | SMN 2025-04-02: descargado
2026-07-24 01:24:28 | INFO     | SMN 2025-04-03: descargado
2026-07-24 01:24:28 | INFO     | SMN 2025-04-04: descargado
2026-07-24 01:24:29 | INFO     | SMN 2025-04-05: descargado
2026-07-24 01:24:29 | INFO     | SMN 2025-04-06: descargado
2026-07-24 01:24:29 | INFO     | SMN 2025-04-07: descargado
2026-07-24 01:24:30 | INFO     | SMN 2025-04-08: descargado
2026-07-24 01:24:55 | INFO     | SMN 2025-04-09: descargado
2026-07-24 01:24:56 | INFO     | SMN 2025-04-10: descargado
2026-07-24 01:24:56 | INFO     | SMN 2025-04-11: descargado
2026-07-24 01:24:57 | INFO     | SMN 2025-04-12: descargado
2026-07-24 01:24:57 | INFO     | SMN 2025-04-13: descargado
2026-07-24 01:24:57 | INFO     | SMN 2025-04-14: descargado
2026-07-24 01:24:58 | INFO     | SMN 2025-04-15: descargado
2026-07-24 01:24:58 | INFO     | SMN 2025-04-16: descargado
2026-07-24 01:24:59 | INFO     | SMN 2025-04-17: descargado
2026-07-24 01:24:59 | INFO     | SMN 2025-04-18: descargado
2026-07-24 01:25:00 | INFO     | SMN 2025-04-19: descargado
2026-07-24 01:25:00 | INFO     | SMN 2025-04-20: descargado
2026-07-24 01:25:01 | INFO     | SMN 2025-04-21: descargado
2026-07-24 01:25:01 | INFO     | SMN 2025-04-22: descargado
2026-07-24 01:25:01 | INFO     | SMN 2025-04-23: descargado
2026-07-24 01:25:02 | INFO     | SMN 2025-04-24: descargado
2026-07-24 01:25:02 | INFO     | SMN 2025-04-25: descargado
2026-07-24 01:25:03 | INFO     | SMN 2025-04-26: descargado
2026-07-24 01:25:03 | INFO     | SMN 2025-04-27: descargado
2026-07-24 01:25:04 | INFO     | SMN 2025-04-28: descargado
2026-07-24 01:25:04 | INFO     | SMN 2025-04-29: descargado
2026-07-24 01:25:05 | INFO     | SMN 2025-04-30: descargado
2026-07-24 01:25:05 | INFO     | SMN 2025-05-01: descargado
2026-07-24 01:25:05 | INFO     | SMN 2025-05-02: descargado
2026-07-24 01:25:06 | INFO     | SMN 2025-05-03: descargado
2026-07-24 01:25:06 | INFO     | SMN 2025-05-04: descargado
2026-07-24 01:25:07 | INFO     | SMN 2025-05-05: descargado
2026-07-24 01:25:32 | INFO     | SMN 2025-05-06: descargado
2026-07-24 01:25:57 | INFO     | SMN 2025-05-07: descargado
2026-07-24 01:25:57 | INFO     | SMN 2025-05-08: descargado
2026-07-24 01:25:58 | INFO     | SMN 2025-05-09: descargado
2026-07-24 01:25:58 | INFO     | SMN 2025-05-10: descargado
2026-07-24 01:25:59 | INFO     | SMN 2025-05-11: descargado
2026-07-24 01:25:59 | INFO     | SMN 2025-05-12: descargado
2026-07-24 01:25:59 | INFO     | SMN 2025-05-13: descargado
2026-07-24 01:26:00 | INFO     | SMN 2025-05-14: descargado
2026-07-24 01:26:00 | INFO     | SMN 2025-05-15: descargado
2026-07-24 01:26:01 | INFO     | SMN 2025-05-16: descargado
2026-07-24 01:26:01 | INFO     | SMN 2025-05-17: descargado
2026-07-24 01:26:02 | INFO     | SMN 2025-05-18: descargado
2026-07-24 01:26:27 | INFO     | SMN 2025-05-19: descargado
2026-07-24 01:26:27 | INFO     | SMN 2025-05-20: descargado
2026-07-24 01:26:28 | INFO     | SMN 2025-05-21: descargado
2026-07-24 01:26:28 | INFO     | SMN 2025-05-22: descargado
2026-07-24 01:26:29 | INFO     | SMN 2025-05-23: descargado
2026-07-24 01:26:29 | INFO     | SMN 2025-05-24: descargado
2026-07-24 01:26:30 | INFO     | SMN 2025-05-25: descargado
2026-07-24 01:26:55 | INFO     | SMN 2025-05-26: descargado
2026-07-24 01:26:56 | INFO     | SMN 2025-05-27: descargado
2026-07-24 01:26:56 | INFO     | SMN 2025-05-28: descargado
2026-07-24 01:26:56 | INFO     | SMN 2025-05-29: descargado
2026-07-24 01:26:57 | INFO     | SMN 2025-05-30: descargado
2026-07-24 01:26:57 | INFO     | SMN 2025-05-31: descargado
2026-07-24 01:26:58 | INFO     | SMN 2025-06-01: descargado
2026-07-24 01:26:58 | INFO     | SMN 2025-06-02: descargado
2026-07-24 01:26:59 | INFO     | SMN 2025-06-03: descargado
2026-07-24 01:26:59 | INFO     | SMN 2025-06-04: descargado
2026-07-24 01:26:59 | INFO     | SMN 2025-06-05: descargado
2026-07-24 01:27:00 | INFO     | SMN 2025-06-06: descargado
2026-07-24 01:27:00 | INFO     | SMN 2025-06-07: descargado
2026-07-24 01:27:01 | INFO     | SMN 2025-06-08: descargado
2026-07-24 01:27:01 | INFO     | SMN 2025-06-09: descargado
2026-07-24 01:27:02 | INFO     | SMN 2025-06-10: descargado
2026-07-24 01:27:02 | INFO     | SMN 2025-06-11: descargado
2026-07-24 01:27:03 | INFO     | SMN 2025-06-12: descargado
2026-07-24 01:27:03 | INFO     | SMN 2025-06-13: descargado
2026-07-24 01:27:03 | INFO     | SMN 2025-06-14: descargado
2026-07-24 01:27:04 | INFO     | SMN 2025-06-15: descargado
2026-07-24 01:27:04 | INFO     | SMN 2025-06-16: descargado
2026-07-24 01:27:05 | INFO     | SMN 2025-06-17: descargado
2026-07-24 01:27:05 | INFO     | SMN 2025-06-18: descargado
2026-07-24 01:27:06 | INFO     | SMN 2025-06-19: descargado
2026-07-24 01:27:31 | INFO     | SMN 2025-06-20: descargado
2026-07-24 01:27:31 | INFO     | SMN 2025-06-21: descargado
2026-07-24 01:27:32 | INFO     | SMN 2025-06-22: descargado
2026-07-24 01:27:32 | INFO     | SMN 2025-06-23: descargado
2026-07-24 01:27:33 | INFO     | SMN 2025-06-24: descargado
2026-07-24 01:27:33 | INFO     | SMN 2025-06-25: descargado
2026-07-24 01:27:58 | INFO     | SMN 2025-06-26: descargado
2026-07-24 01:28:00 | INFO     | SMN 2025-06-27: descargado
2026-07-24 01:28:02 | INFO     | SMN 2025-06-28: descargado
2026-07-24 01:28:03 | INFO     | SMN 2025-06-29: descargado
2026-07-24 01:28:03 | INFO     | SMN 2025-06-30: descargado
2026-07-24 01:28:04 | INFO     | SMN 2025-07-01: descargado
2026-07-24 01:28:04 | INFO     | SMN 2025-07-02: descargado
2026-07-24 01:28:05 | INFO     | SMN 2025-07-03: descargado
2026-07-24 01:28:54 | INFO     | SMN 2025-07-04: descargado
2026-07-24 01:28:55 | INFO     | SMN 2025-07-05: descargado
2026-07-24 01:28:55 | INFO     | SMN 2025-07-06: descargado
2026-07-24 01:28:56 | INFO     | SMN 2025-07-07: descargado
2026-07-24 01:28:56 | INFO     | SMN 2025-07-08: descargado
2026-07-24 01:28:57 | INFO     | SMN 2025-07-09: descargado
2026-07-24 01:28:57 | INFO     | SMN 2025-07-10: descargado
2026-07-24 01:28:57 | INFO     | SMN 2025-07-11: descargado
2026-07-24 01:28:58 | INFO     | SMN 2025-07-12: descargado
2026-07-24 01:28:58 | INFO     | SMN 2025-07-13: descargado
2026-07-24 01:28:59 | INFO     | SMN 2025-07-14: descargado
2026-07-24 01:28:59 | INFO     | SMN 2025-07-15: descargado
2026-07-24 01:29:00 | INFO     | SMN 2025-07-16: descargado
2026-07-24 01:29:00 | INFO     | SMN 2025-07-17: descargado
2026-07-24 01:29:01 | INFO     | SMN 2025-07-18: descargado
2026-07-24 01:29:01 | INFO     | SMN 2025-07-19: descargado
2026-07-24 01:29:01 | INFO     | SMN 2025-07-20: descargado
2026-07-24 01:29:02 | INFO     | SMN 2025-07-21: descargado
2026-07-24 01:29:02 | INFO     | SMN 2025-07-22: descargado
2026-07-24 01:29:04 | INFO     | SMN 2025-07-23: descargado
2026-07-24 01:29:04 | INFO     | SMN 2025-07-24: descargado
2026-07-24 01:29:05 | INFO     | SMN 2025-07-25: descargado
2026-07-24 01:29:05 | INFO     | SMN 2025-07-26: descargado
2026-07-24 01:29:06 | INFO     | SMN 2025-07-27: descargado
2026-07-24 01:29:06 | INFO     | SMN 2025-07-28: descargado
2026-07-24 01:29:06 | INFO     | SMN 2025-07-29: descargado
2026-07-24 01:29:07 | INFO     | SMN 2025-07-30: descargado
2026-07-24 01:29:07 | INFO     | SMN 2025-07-31: descargado
2026-07-24 01:29:08 | INFO     | SMN 2025-08-01: descargado
2026-07-24 01:29:08 | INFO     | SMN 2025-08-02: descargado
2026-07-24 01:29:08 | INFO     | SMN 2025-08-03: descargado
2026-07-24 01:29:09 | INFO     | SMN 2025-08-04: descargado
2026-07-24 01:29:09 | INFO     | SMN 2025-08-05: descargado
2026-07-24 01:29:10 | INFO     | SMN 2025-08-06: descargado
2026-07-24 01:29:10 | INFO     | SMN 2025-08-07: descargado
2026-07-24 01:29:11 | INFO     | SMN 2025-08-08: descargado
2026-07-24 01:29:11 | INFO     | SMN 2025-08-09: descargado
2026-07-24 01:29:11 | INFO     | SMN 2025-08-10: descargado
2026-07-24 01:29:12 | INFO     | SMN 2025-08-11: descargado
2026-07-24 01:29:12 | INFO     | SMN 2025-08-12: descargado
2026-07-24 01:29:13 | INFO     | SMN 2025-08-13: descargado
2026-07-24 01:29:38 | INFO     | SMN 2025-08-14: descargado
2026-07-24 01:30:03 | INFO     | SMN 2025-08-15: descargado
2026-07-24 01:30:03 | INFO     | SMN 2025-08-16: descargado
2026-07-24 01:30:04 | INFO     | SMN 2025-08-17: descargado
2026-07-24 01:30:04 | INFO     | SMN 2025-08-18: descargado
2026-07-24 01:30:05 | INFO     | SMN 2025-08-19: descargado
2026-07-24 01:30:05 | INFO     | SMN 2025-08-20: descargado
2026-07-24 01:30:06 | INFO     | SMN 2025-08-21: descargado
2026-07-24 01:30:06 | INFO     | SMN 2025-08-22: descargado
2026-07-24 01:30:06 | INFO     | SMN 2025-08-23: descargado
2026-07-24 01:30:07 | INFO     | SMN 2025-08-24: descargado
2026-07-24 01:30:07 | INFO     | SMN 2025-08-25: descargado
2026-07-24 01:30:32 | INFO     | SMN 2025-08-26: descargado
2026-07-24 01:30:33 | INFO     | SMN 2025-08-27: descargado
2026-07-24 01:30:33 | INFO     | SMN 2025-08-28: descargado
2026-07-24 01:30:33 | INFO     | SMN 2025-08-29: descargado
2026-07-24 01:30:34 | INFO     | SMN 2025-08-30: descargado
2026-07-24 01:30:34 | INFO     | SMN 2025-08-31: descargado
2026-07-24 01:30:35 | INFO     | SMN 2025-09-01: descargado
2026-07-24 01:30:37 | INFO     | SMN 2025-09-02: descargado
2026-07-24 01:31:02 | INFO     | SMN 2025-09-03: descargado
2026-07-24 01:31:27 | INFO     | SMN 2025-09-04: descargado
2026-07-24 01:31:27 | INFO     | SMN 2025-09-05: descargado
2026-07-24 01:31:53 | INFO     | SMN 2025-09-06: descargado
2026-07-24 01:31:53 | INFO     | SMN 2025-09-07: descargado
2026-07-24 01:31:54 | INFO     | SMN 2025-09-08: descargado
2026-07-24 01:32:19 | INFO     | SMN 2025-09-09: descargado
2026-07-24 01:32:19 | INFO     | SMN 2025-09-10: descargado
2026-07-24 01:32:20 | INFO     | SMN 2025-09-11: descargado
2026-07-24 01:32:20 | INFO     | SMN 2025-09-12: descargado
2026-07-24 01:32:23 | INFO     | SMN 2025-09-13: descargado
2026-07-24 01:32:23 | INFO     | SMN 2025-09-14: descargado
2026-07-24 01:32:24 | INFO     | SMN 2025-09-15: descargado
2026-07-24 01:32:24 | INFO     | SMN 2025-09-16: descargado
2026-07-24 01:32:28 | INFO     | SMN 2025-09-17: descargado
2026-07-24 01:32:28 | INFO     | SMN 2025-09-18: descargado
2026-07-24 01:32:53 | INFO     | SMN 2025-09-19: descargado
2026-07-24 01:32:54 | INFO     | SMN 2025-09-20: descargado
2026-07-24 01:32:54 | INFO     | SMN 2025-09-21: descargado
2026-07-24 01:32:55 | INFO     | SMN 2025-09-22: descargado
2026-07-24 01:32:55 | INFO     | SMN 2025-09-23: descargado
2026-07-24 01:32:56 | INFO     | SMN 2025-09-24: descargado
2026-07-24 01:32:56 | INFO     | SMN 2025-09-25: descargado
2026-07-24 01:33:08 | INFO     | SMN 2025-09-26: descargado
2026-07-24 01:33:08 | INFO     | SMN 2025-09-27: descargado
2026-07-24 01:33:08 | INFO     | SMN 2025-09-28: descargado
2026-07-24 01:33:34 | INFO     | SMN 2025-09-29: descargado
2026-07-24 01:33:59 | INFO     | SMN 2025-09-30: descargado
2026-07-24 01:33:59 | INFO     | SMN 2025-10-01: descargado
2026-07-24 01:34:24 | INFO     | SMN 2025-10-02: descargado
2026-07-24 01:34:25 | INFO     | SMN 2025-10-03: descargado
2026-07-24 01:34:25 | INFO     | SMN 2025-10-04: descargado
2026-07-24 01:34:26 | INFO     | SMN 2025-10-05: descargado
2026-07-24 01:34:26 | INFO     | SMN 2025-10-06: descargado
2026-07-24 01:34:26 | INFO     | SMN 2025-10-07: descargado
2026-07-24 01:34:27 | INFO     | SMN 2025-10-08: descargado
2026-07-24 01:34:27 | INFO     | SMN 2025-10-09: descargado
2026-07-24 01:34:28 | INFO     | SMN 2025-10-10: descargado
2026-07-24 01:34:28 | INFO     | SMN 2025-10-11: descargado
2026-07-24 01:34:29 | INFO     | SMN 2025-10-12: descargado
2026-07-24 01:34:29 | INFO     | SMN 2025-10-13: descargado
2026-07-24 01:34:30 | INFO     | SMN 2025-10-14: descargado
2026-07-24 01:34:30 | INFO     | SMN 2025-10-15: descargado
2026-07-24 01:34:30 | INFO     | SMN 2025-10-16: descargado
2026-07-24 01:34:31 | INFO     | SMN 2025-10-17: descargado
2026-07-24 01:34:31 | INFO     | SMN 2025-10-18: descargado
2026-07-24 01:34:32 | INFO     | SMN 2025-10-19: descargado
2026-07-24 01:34:32 | INFO     | SMN 2025-10-20: descargado
2026-07-24 01:34:33 | INFO     | SMN 2025-10-21: descargado
2026-07-24 01:34:33 | INFO     | SMN 2025-10-22: descargado
2026-07-24 01:34:34 | INFO     | SMN 2025-10-23: descargado
2026-07-24 01:34:34 | INFO     | SMN 2025-10-24: descargado
2026-07-24 01:34:34 | INFO     | SMN 2025-10-25: descargado
2026-07-24 01:34:35 | INFO     | SMN 2025-10-26: descargado
2026-07-24 01:34:35 | INFO     | SMN 2025-10-27: descargado
2026-07-24 01:34:36 | INFO     | SMN 2025-10-28: descargado
2026-07-24 01:34:36 | INFO     | SMN 2025-10-29: descargado
2026-07-24 01:34:37 | INFO     | SMN 2025-10-30: descargado
2026-07-24 01:35:02 | INFO     | SMN 2025-10-31: descargado
2026-07-24 01:35:02 | INFO     | SMN 2025-11-01: descargado
2026-07-24 01:35:02 | INFO     | SMN 2025-11-02: descargado
2026-07-24 01:35:03 | INFO     | SMN 2025-11-03: descargado
2026-07-24 01:35:03 | INFO     | SMN 2025-11-04: descargado
2026-07-24 01:35:04 | INFO     | SMN 2025-11-05: descargado
2026-07-24 01:35:29 | INFO     | SMN 2025-11-06: descargado
2026-07-24 01:35:30 | INFO     | SMN 2025-11-07: descargado
2026-07-24 01:35:30 | INFO     | SMN 2025-11-08: descargado
2026-07-24 01:35:30 | INFO     | SMN 2025-11-09: descargado
2026-07-24 01:35:31 | INFO     | SMN 2025-11-10: descargado
2026-07-24 01:35:31 | INFO     | SMN 2025-11-11: descargado
2026-07-24 01:35:32 | INFO     | SMN 2025-11-12: descargado
2026-07-24 01:35:32 | INFO     | SMN 2025-11-13: descargado
2026-07-24 01:35:33 | INFO     | SMN 2025-11-14: descargado
2026-07-24 01:35:33 | INFO     | SMN 2025-11-15: descargado
2026-07-24 01:35:34 | INFO     | SMN 2025-11-16: descargado
2026-07-24 01:35:34 | INFO     | SMN 2025-11-17: descargado
2026-07-24 01:35:34 | INFO     | SMN 2025-11-18: descargado
2026-07-24 01:35:35 | INFO     | SMN 2025-11-19: descargado
2026-07-24 01:35:35 | INFO     | SMN 2025-11-20: descargado
2026-07-24 01:35:36 | INFO     | SMN 2025-11-21: descargado
2026-07-24 01:35:36 | INFO     | SMN 2025-11-22: descargado
2026-07-24 01:36:01 | INFO     | SMN 2025-11-23: descargado
2026-07-24 01:36:02 | INFO     | SMN 2025-11-24: descargado
2026-07-24 01:36:02 | INFO     | SMN 2025-11-25: descargado
2026-07-24 01:36:14 | INFO     | SMN 2025-11-26: descargado
2026-07-24 01:36:14 | INFO     | SMN 2025-11-27: descargado
2026-07-24 01:36:15 | INFO     | SMN 2025-11-28: descargado
2026-07-24 01:36:40 | INFO     | SMN 2025-11-29: descargado
2026-07-24 01:36:40 | INFO     | SMN 2025-11-30: descargado
2026-07-24 01:36:41 | INFO     | SMN 2025-12-01: descargado
2026-07-24 01:36:41 | INFO     | SMN 2025-12-02: descargado
2026-07-24 01:37:06 | INFO     | SMN 2025-12-03: descargado
2026-07-24 01:37:07 | INFO     | SMN 2025-12-04: descargado
2026-07-24 01:37:07 | INFO     | SMN 2025-12-05: descargado
2026-07-24 01:37:08 | INFO     | SMN 2025-12-06: descargado
2026-07-24 01:37:09 | INFO     | SMN 2025-12-07: descargado
2026-07-24 01:37:09 | INFO     | SMN 2025-12-08: descargado
2026-07-24 01:37:10 | INFO     | SMN 2025-12-09: descargado
2026-07-24 01:37:35 | INFO     | SMN 2025-12-10: descargado
2026-07-24 01:37:35 | INFO     | SMN 2025-12-11: descargado
2026-07-24 01:37:36 | INFO     | SMN 2025-12-12: descargado
2026-07-24 01:37:36 | INFO     | SMN 2025-12-13: descargado
2026-07-24 01:37:37 | INFO     | SMN 2025-12-14: descargado
2026-07-24 01:37:37 | INFO     | SMN 2025-12-15: descargado
2026-07-24 01:37:38 | INFO     | SMN 2025-12-16: descargado
2026-07-24 01:37:38 | INFO     | SMN 2025-12-17: descargado
2026-07-24 01:37:38 | INFO     | SMN 2025-12-18: descargado
2026-07-24 01:38:03 | INFO     | SMN 2025-12-19: descargado
2026-07-24 01:38:04 | INFO     | SMN 2025-12-20: descargado
2026-07-24 01:38:04 | INFO     | SMN 2025-12-21: descargado
2026-07-24 01:38:05 | INFO     | SMN 2025-12-22: descargado
2026-07-24 01:38:30 | INFO     | SMN 2025-12-23: descargado
2026-07-24 01:38:30 | INFO     | SMN 2025-12-24: descargado
2026-07-24 01:38:31 | INFO     | SMN 2025-12-25: descargado
2026-07-24 01:38:56 | INFO     | SMN 2025-12-26: descargado
2026-07-24 01:38:57 | INFO     | SMN 2025-12-27: descargado
2026-07-24 01:39:04 | INFO     | SMN 2025-12-28: descargado
2026-07-24 01:39:05 | INFO     | SMN 2025-12-29: descargado
2026-07-24 01:39:05 | INFO     | SMN 2025-12-30: descargado
2026-07-24 01:39:06 | INFO     | SMN 2025-12-31: descargado
2026-07-24 01:39:06 | INFO     | SMN 2026-01-01: descargado
2026-07-24 01:39:07 | INFO     | SMN 2026-01-02: descargado
2026-07-24 01:39:07 | INFO     | SMN 2026-01-03: descargado
2026-07-24 01:39:33 | INFO     | SMN 2026-01-04: descargado
2026-07-24 01:39:33 | INFO     | SMN 2026-01-05: descargado
2026-07-24 01:39:34 | INFO     | SMN 2026-01-06: descargado
2026-07-24 01:39:34 | INFO     | SMN 2026-01-07: descargado
2026-07-24 01:39:35 | INFO     | SMN 2026-01-08: descargado
2026-07-24 01:39:35 | INFO     | SMN 2026-01-09: descargado
2026-07-24 01:39:36 | INFO     | SMN 2026-01-10: descargado
2026-07-24 01:39:36 | INFO     | SMN 2026-01-11: descargado
2026-07-24 01:39:37 | INFO     | SMN 2026-01-12: descargado
2026-07-24 01:39:37 | INFO     | SMN 2026-01-13: descargado
2026-07-24 01:39:37 | INFO     | SMN 2026-01-14: descargado
2026-07-24 01:40:03 | INFO     | SMN 2026-01-15: descargado
2026-07-24 01:40:03 | INFO     | SMN 2026-01-16: descargado
2026-07-24 01:40:04 | INFO     | SMN 2026-01-17: descargado
2026-07-24 01:40:04 | INFO     | SMN 2026-01-18: descargado
2026-07-24 01:40:05 | INFO     | SMN 2026-01-19: descargado
2026-07-24 01:40:05 | INFO     | SMN 2026-01-20: descargado
2026-07-24 01:40:30 | INFO     | SMN 2026-01-21: descargado
2026-07-24 01:40:30 | INFO     | SMN 2026-01-22: descargado
2026-07-24 01:40:31 | INFO     | SMN 2026-01-23: descargado
2026-07-24 01:40:31 | INFO     | SMN 2026-01-24: descargado
2026-07-24 01:40:31 | INFO     | SMN 2026-01-25: descargado
2026-07-24 01:40:32 | INFO     | SMN 2026-01-26: descargado
2026-07-24 01:40:32 | INFO     | SMN 2026-01-27: descargado
2026-07-24 01:40:33 | INFO     | SMN 2026-01-28: descargado
2026-07-24 01:40:58 | INFO     | SMN 2026-01-29: descargado
2026-07-24 01:40:58 | INFO     | SMN 2026-01-30: descargado
2026-07-24 01:40:59 | INFO     | SMN 2026-01-31: descargado
2026-07-24 01:40:59 | INFO     | SMN 2026-02-01: descargado
2026-07-24 01:41:00 | INFO     | SMN 2026-02-02: descargado
2026-07-24 01:41:00 | INFO     | SMN 2026-02-03: descargado
2026-07-24 01:41:01 | INFO     | SMN 2026-02-04: descargado
2026-07-24 01:41:01 | INFO     | SMN 2026-02-05: descargado
2026-07-24 01:41:02 | INFO     | SMN 2026-02-06: descargado
2026-07-24 01:41:02 | INFO     | SMN 2026-02-07: descargado
2026-07-24 01:41:27 | INFO     | SMN 2026-02-08: descargado
2026-07-24 01:41:27 | INFO     | SMN 2026-02-09: descargado
2026-07-24 01:41:28 | INFO     | SMN 2026-02-10: descargado
2026-07-24 01:41:28 | INFO     | SMN 2026-02-11: descargado
2026-07-24 01:41:29 | INFO     | SMN 2026-02-12: descargado
2026-07-24 01:41:30 | INFO     | SMN 2026-02-13: descargado
2026-07-24 01:41:30 | INFO     | SMN 2026-02-14: descargado
2026-07-24 01:41:55 | INFO     | SMN 2026-02-15: descargado
2026-07-24 01:41:56 | INFO     | SMN 2026-02-16: descargado
2026-07-24 01:41:56 | INFO     | SMN 2026-02-17: descargado
2026-07-24 01:42:01 | INFO     | SMN 2026-02-18: descargado
2026-07-24 01:42:01 | INFO     | SMN 2026-02-19: descargado
2026-07-24 01:42:02 | INFO     | SMN 2026-02-20: descargado
2026-07-24 01:42:02 | INFO     | SMN 2026-02-21: descargado
2026-07-24 01:42:03 | INFO     | SMN 2026-02-22: descargado
2026-07-24 01:42:03 | INFO     | SMN 2026-02-23: descargado
2026-07-24 01:42:04 | INFO     | SMN 2026-02-24: descargado
2026-07-24 01:42:04 | INFO     | SMN 2026-02-25: descargado
2026-07-24 01:42:04 | INFO     | SMN 2026-02-26: descargado
2026-07-24 01:42:05 | INFO     | SMN 2026-02-27: descargado
2026-07-24 01:42:05 | INFO     | SMN 2026-02-28: descargado
2026-07-24 01:42:06 | INFO     | SMN 2026-03-01: descargado
2026-07-24 01:42:06 | INFO     | SMN 2026-03-02: descargado
2026-07-24 01:42:07 | INFO     | SMN 2026-03-03: descargado
2026-07-24 01:42:07 | INFO     | SMN 2026-03-04: descargado
2026-07-24 01:42:07 | INFO     | SMN 2026-03-05: descargado
2026-07-24 01:42:08 | INFO     | SMN 2026-03-06: descargado
2026-07-24 01:42:08 | INFO     | SMN 2026-03-07: descargado
2026-07-24 01:42:09 | INFO     | SMN 2026-03-08: descargado
2026-07-24 01:42:09 | INFO     | SMN 2026-03-09: descargado
2026-07-24 01:42:10 | INFO     | SMN 2026-03-10: descargado
2026-07-24 01:42:10 | INFO     | SMN 2026-03-11: descargado
2026-07-24 01:42:10 | INFO     | SMN 2026-03-12: descargado
2026-07-24 01:42:11 | INFO     | SMN 2026-03-13: descargado
2026-07-24 01:42:36 | INFO     | SMN 2026-03-14: descargado
2026-07-24 01:42:36 | INFO     | SMN 2026-03-15: descargado
2026-07-24 01:42:37 | INFO     | SMN 2026-03-16: descargado
2026-07-24 01:42:37 | INFO     | SMN 2026-03-17: descargado
2026-07-24 01:42:38 | INFO     | SMN 2026-03-18: descargado
2026-07-24 01:42:38 | INFO     | SMN 2026-03-19: descargado
2026-07-24 01:42:38 | INFO     | SMN 2026-03-20: descargado
2026-07-24 01:42:39 | INFO     | SMN 2026-03-21: descargado
2026-07-24 01:42:39 | INFO     | SMN 2026-03-22: descargado
2026-07-24 01:42:40 | INFO     | SMN 2026-03-23: descargado
2026-07-24 01:42:40 | INFO     | SMN 2026-03-24: descargado
2026-07-24 01:42:41 | INFO     | SMN 2026-03-25: descargado
2026-07-24 01:42:41 | INFO     | SMN 2026-03-26: descargado
2026-07-24 01:42:41 | INFO     | SMN 2026-03-27: descargado
2026-07-24 01:42:42 | INFO     | SMN 2026-03-28: descargado
2026-07-24 01:42:42 | INFO     | SMN 2026-03-29: descargado
2026-07-24 01:42:43 | INFO     | SMN 2026-03-30: descargado
2026-07-24 01:42:43 | INFO     | SMN 2026-03-31: descargado
2026-07-24 01:43:08 | INFO     | SMN 2026-04-01: descargado
2026-07-24 01:43:09 | INFO     | SMN 2026-04-02: descargado
2026-07-24 01:43:09 | INFO     | SMN 2026-04-03: descargado
2026-07-24 01:43:10 | INFO     | SMN 2026-04-04: descargado
2026-07-24 01:43:10 | INFO     | SMN 2026-04-05: descargado
2026-07-24 01:43:11 | INFO     | SMN 2026-04-06: descargado
2026-07-24 01:43:11 | INFO     | SMN 2026-04-07: descargado
2026-07-24 01:43:12 | INFO     | SMN 2026-04-08: descargado
2026-07-24 01:43:12 | INFO     | SMN 2026-04-09: descargado
2026-07-24 01:43:12 | INFO     | SMN 2026-04-10: descargado
2026-07-24 01:43:13 | INFO     | SMN 2026-04-11: descargado
2026-07-24 01:43:13 | INFO     | SMN 2026-04-12: descargado
2026-07-24 01:43:14 | INFO     | SMN 2026-04-13: descargado
2026-07-24 01:43:14 | INFO     | SMN 2026-04-14: descargado
2026-07-24 01:43:15 | INFO     | SMN 2026-04-15: descargado
2026-07-24 01:43:15 | INFO     | SMN 2026-04-16: descargado
2026-07-24 01:43:15 | INFO     | SMN 2026-04-17: descargado
2026-07-24 01:43:16 | INFO     | SMN 2026-04-18: descargado
2026-07-24 01:43:16 | INFO     | SMN 2026-04-19: descargado
2026-07-24 01:43:17 | INFO     | SMN 2026-04-20: descargado
2026-07-24 01:43:17 | INFO     | SMN 2026-04-21: descargado
2026-07-24 01:43:18 | INFO     | SMN 2026-04-22: descargado
2026-07-24 01:43:18 | INFO     | SMN 2026-04-23: descargado
2026-07-24 01:43:18 | INFO     | SMN 2026-04-24: descargado
2026-07-24 01:43:19 | INFO     | SMN 2026-04-25: descargado
2026-07-24 01:43:19 | INFO     | SMN 2026-04-26: descargado
2026-07-24 01:43:20 | INFO     | SMN 2026-04-27: descargado
2026-07-24 01:43:20 | INFO     | SMN 2026-04-28: descargado
2026-07-24 01:43:21 | INFO     | SMN 2026-04-29: descargado
2026-07-24 01:43:21 | INFO     | SMN 2026-04-30: descargado
2026-07-24 01:43:21 | INFO     | SMN 2026-05-01: descargado
2026-07-24 01:43:22 | INFO     | SMN 2026-05-02: descargado
2026-07-24 01:43:22 | INFO     | SMN 2026-05-03: descargado
2026-07-24 01:43:23 | INFO     | SMN 2026-05-04: descargado
2026-07-24 01:43:48 | INFO     | SMN 2026-05-05: descargado
2026-07-24 01:43:48 | INFO     | SMN 2026-05-06: descargado
2026-07-24 01:43:49 | INFO     | SMN 2026-05-07: descargado
2026-07-24 01:44:14 | INFO     | SMN 2026-05-08: descargado
2026-07-24 01:44:14 | INFO     | SMN 2026-05-09: descargado
2026-07-24 01:44:15 | INFO     | SMN 2026-05-10: descargado
2026-07-24 01:44:15 | INFO     | SMN 2026-05-11: descargado
2026-07-24 01:44:40 | INFO     | SMN 2026-05-12: descargado
2026-07-24 01:45:05 | INFO     | SMN 2026-05-13: descargado
2026-07-24 01:45:06 | INFO     | SMN 2026-05-14: descargado
2026-07-24 01:45:06 | INFO     | SMN 2026-05-15: descargado
2026-07-24 01:45:07 | INFO     | SMN 2026-05-16: descargado
2026-07-24 01:45:07 | INFO     | SMN 2026-05-17: descargado
2026-07-24 01:45:08 | INFO     | SMN 2026-05-18: descargado
2026-07-24 01:45:33 | INFO     | SMN 2026-05-19: descargado
2026-07-24 01:45:58 | INFO     | SMN 2026-05-20: descargado
2026-07-24 01:45:58 | INFO     | SMN 2026-05-21: descargado
2026-07-24 01:45:59 | INFO     | SMN 2026-05-22: descargado
2026-07-24 01:45:59 | INFO     | SMN 2026-05-23: descargado
2026-07-24 01:46:00 | INFO     | SMN 2026-05-24: descargado
2026-07-24 01:46:00 | INFO     | SMN 2026-05-25: descargado
2026-07-24 01:46:01 | INFO     | SMN 2026-05-26: descargado
2026-07-24 01:46:01 | INFO     | SMN 2026-05-27: descargado
2026-07-24 01:46:02 | INFO     | SMN 2026-05-28: descargado
2026-07-24 01:46:27 | INFO     | SMN 2026-05-29: descargado
2026-07-24 01:46:27 | INFO     | SMN 2026-05-30: descargado
2026-07-24 01:46:27 | INFO     | SMN 2026-05-31: descargado
2026-07-24 01:46:28 | INFO     | SMN 2026-06-01: descargado
2026-07-24 01:46:53 | INFO     | SMN 2026-06-02: descargado
2026-07-24 01:46:53 | INFO     | SMN 2026-06-03: descargado
2026-07-24 01:46:54 | INFO     | SMN 2026-06-04: descargado
2026-07-24 01:47:19 | INFO     | SMN 2026-06-05: descargado
2026-07-24 01:47:19 | INFO     | SMN 2026-06-06: descargado
2026-07-24 01:47:19 | INFO     | SMN 2026-06-07: descargado
2026-07-24 01:47:20 | INFO     | SMN 2026-06-08: descargado
2026-07-24 01:47:20 | INFO     | SMN 2026-06-09: descargado
2026-07-24 01:47:21 | INFO     | SMN 2026-06-10: descargado
2026-07-24 01:47:21 | INFO     | SMN 2026-06-11: descargado
2026-07-24 01:47:22 | INFO     | SMN 2026-06-12: descargado
2026-07-24 01:47:47 | INFO     | SMN 2026-06-13: descargado
2026-07-24 01:47:47 | INFO     | SMN 2026-06-14: descargado
2026-07-24 01:47:48 | INFO     | SMN 2026-06-15: descargado
2026-07-24 01:47:48 | INFO     | SMN 2026-06-16: descargado
2026-07-24 01:47:49 | INFO     | SMN 2026-06-17: descargado
2026-07-24 01:47:49 | INFO     | SMN 2026-06-18: descargado
2026-07-24 01:47:50 | INFO     | SMN 2026-06-19: descargado
2026-07-24 01:47:50 | INFO     | SMN 2026-06-20: descargado
2026-07-24 01:47:51 | INFO     | SMN 2026-06-21: descargado
2026-07-24 01:47:57 | INFO     | Notebook 01_descarga_datos finalizado
